{
    "citeseer_graphsage_10_497": 282.494385,
    "citeseer_graphsage_14_564": 169.418213,
    "citeseer_graphsage_21_579": 138.540314669,
    "citeseer_graphsage_18_573": 119.75,
    "citeseer_graphsage_20_517": 106.42301395750002,
    "citeseer_graphsage_8_433": 97.6617355,
    "citeseer_graphsage_22_461": 57.7984428,
    "citeseer_graphsage_24_165": 55.4696083,
    "citeseer_graphsage_22_341": 34.3416176,
    "citeseer_graphsage_16_389": 20.1065712,
    "citeseer_graphsage_18_572": 2.08420205
}