{
    "citeseer_gcn_29_432": 68.56230284308238,
    "citeseer_gcn_26_388": 36.16048680691292,
    "citeseer_gcn_31_468": 15.316592608585717,
    "citeseer_gcn_25_368": 13.27361710914,
    "citeseer_gcn_29_436": 5.713954587636365,
    "citeseer_gcn_23_340": 5.2613493091257135,
    "citeseer_gcn_30_452": 4.234999798243479,
    "citeseer_gcn_28_420": 3.1689436748029998,
    "citeseer_gcn_9_125": 2.6921308,
    "citeseer_gcn_7_84": 2.60865617,
    "citeseer_gcn_31_471": 2.4742196616,
    "citeseer_gcn_23_342": 2.3791469162999994,
    "citeseer_gcn_29_438": 2.0608946590199997,
    "citeseer_gcn_20_288": 1.9437446674875003,
    "citeseer_gcn_24_354": 1.8581470668749998,
    "citeseer_gcn_16_224": 1.8229655443333332,
    "citeseer_gcn_27_404": 1.7786849619544998,
    "citeseer_gcn_19_284": 1.7647780370750001,
    "citeseer_gcn_27_407": 1.7515480094,
    "citeseer_gcn_30_454": 1.6196838531708335,
    "citeseer_gcn_17_250": 1.6040660110000002,
    "citeseer_gcn_28_427": 1.49799275,
    "citeseer_gcn_11_154": 1.4188099007900001,
    "citeseer_gcn_22_321": 1.34964848,
    "citeseer_gcn_16_238": 1.328852195405,
    "citeseer_gcn_22_324": 1.28018188488,
    "citeseer_gcn_31_474": 1.2721279095133333,
    "citeseer_gcn_17_243": 1.25050306,
    "citeseer_gcn_14_203": 1.24255824,
    "citeseer_gcn_26_396": 1.2367732974999999,
    "citeseer_gcn_19_278": 1.2303961220000001,
    "citeseer_gcn_30_457": 1.16723184575,
    "citeseer_gcn_6_68": 1.15002716,
    "citeseer_gcn_27_400": 1.1204328696516666,
    "citeseer_gcn_21_308": 1.105588227933333,
    "citeseer_gcn_16_239": 1.0888503404999998,
    "citeseer_gcn_18_267": 1.08175445,
    "citeseer_gcn_21_316": 1.06757927,
    "citeseer_gcn_24_360": 1.0579718885,
    "citeseer_gcn_29_446": 1.0526840085,
    "citeseer_gcn_8_97": 1.00657594,
    "citeseer_gcn_20_294": 1.00021192705,
    "citeseer_gcn_24_367": 0.9996828880777779,
    "citeseer_gcn_16_233": 0.9963763853500001,
    "citeseer_gcn_20_302": 0.9609314815,
    "citeseer_gcn_13_178": 0.952303373,
    "citeseer_gcn_7_92": 0.9471398,
    "citeseer_gcn_29_433": 0.921854258,
    "citeseer_gcn_17_242": 0.9160085478675,
    "citeseer_gcn_17_251": 0.90392611972,
    "citeseer_gcn_12_170": 0.892789449725,
    "citeseer_gcn_16_229": 0.887333274,
    "citeseer_gcn_26_399": 0.87754893225,
    "citeseer_gcn_13_186": 0.853548229,
    "citeseer_gcn_12_164": 0.8426067369999999,
    "citeseer_gcn_12_168": 0.82846123575,
    "citeseer_gcn_2_12": 0.8098089543445455,
    "citeseer_gcn_18_265": 0.808288574,
    "citeseer_gcn_21_304": 0.7976779159916666,
    "citeseer_gcn_20_293": 0.7872088095,
    "citeseer_gcn_24_355": 0.7779324023666666,
    "citeseer_gcn_10_138": 0.765703333,
    "citeseer_gcn_4_45": 0.7584264129857142,
    "citeseer_gcn_9_120": 0.756965417072,
    "citeseer_gcn_27_408": 0.74551276395,
    "citeseer_gcn_11_148": 0.7387935196816667,
    "citeseer_gcn_12_162": 0.7273722406500001,
    "citeseer_gcn_3_21": 0.7145211458181818,
    "citeseer_gcn_7_86": 0.7082134729499999,
    "citeseer_gcn_29_434": 0.7028359403166667,
    "citeseer_gcn_28_416": 0.6966371761375,
    "citeseer_gcn_20_297": 0.690917733275,
    "citeseer_gcn_11_149": 0.6863258333333334,
    "citeseer_gcn_3_25": 0.6507879856187501,
    "citeseer_gcn_4_37": 0.6503694261535712,
    "citeseer_gcn_14_197": 0.650298357,
    "citeseer_gcn_8_100": 0.6448409072,
    "citeseer_gcn_2_4": 0.6296361392066666,
    "citeseer_gcn_13_184": 0.6247292276499999,
    "citeseer_gcn_20_296": 0.6187139150000001,
    "citeseer_gcn_24_356": 0.6131055628000001,
    "citeseer_gcn_17_248": 0.587024927,
    "citeseer_gcn_30_460": 0.5854596734959999,
    "citeseer_gcn_6_78": 0.5841328729,
    "citeseer_gcn_18_256": 0.579069790159375,
    "citeseer_gcn_23_348": 0.57815107298,
    "citeseer_gcn_10_142": 0.5763595386666667,
    "citeseer_gcn_16_230": 0.564503692,
    "citeseer_gcn_9_112": 0.563944757445,
    "citeseer_gcn_2_3": 0.5626679119444443,
    "citeseer_gcn_15_215": 0.556669652,
    "citeseer_gcn_29_439": 0.5547639260749999,
    "citeseer_gcn_12_172": 0.554640621,
    "citeseer_gcn_19_277": 0.55080229,
    "citeseer_gcn_2_1": 0.5374863521466666,
    "citeseer_gcn_10_132": 0.535574317,
    "citeseer_gcn_4_34": 0.5313356576242857,
    "citeseer_gcn_21_307": 0.52796502,
    "citeseer_gcn_10_128": 0.5222902418,
    "citeseer_gcn_19_272": 0.5201286967895001,
    "citeseer_gcn_31_465": 0.5180085314,
    "citeseer_gcn_21_319": 0.5179075017,
    "citeseer_gcn_16_228": 0.5134321943605882,
    "citeseer_gcn_25_374": 0.49882108081818194,
    "citeseer_gcn_10_130": 0.4969700028633333,
    "citeseer_gcn_14_198": 0.4945343585333333,
    "citeseer_gcn_14_192": 0.49206041220736246,
    "citeseer_gcn_26_398": 0.49188629199999995,
    "citeseer_gcn_2_9": 0.4902290785772727,
    "citeseer_gcn_31_478": 0.48334746040000004,
    "citeseer_gcn_9_114": 0.4803423991666667,
    "citeseer_gcn_4_44": 0.47656770049999997,
    "citeseer_gcn_27_412": 0.47568693,
    "citeseer_gcn_15_213": 0.47366700875000006,
    "citeseer_gcn_10_131": 0.47279588205999995,
    "citeseer_gcn_24_365": 0.46757896839999996,
    "citeseer_gcn_22_330": 0.465979464956,
    "citeseer_gcn_2_11": 0.46444082006250004,
    "citeseer_gcn_7_81": 0.462112904,
    "citeseer_gcn_25_371": 0.4615189389824999,
    "citeseer_gcn_30_451": 0.45755545391249997,
    "citeseer_gcn_11_144": 0.45659514474000007,
    "citeseer_gcn_24_364": 0.44583050300000004,
    "citeseer_gcn_23_339": 0.44003293499090906,
    "citeseer_gcn_24_363": 0.433574289,
    "citeseer_gcn_3_22": 0.43206488761142864,
    "citeseer_gcn_11_146": 0.4256365358,
    "citeseer_gcn_22_325": 0.4238089702857143,
    "citeseer_gcn_9_118": 0.4216890335,
    "citeseer_gcn_25_381": 0.420767006865,
    "citeseer_gcn_31_470": 0.420260623,
    "citeseer_gcn_20_299": 0.41767435529999997,
    "citeseer_gcn_13_182": 0.415441751,
    "citeseer_gcn_27_411": 0.4145117847,
    "citeseer_gcn_17_244": 0.4128834506666667,
    "citeseer_gcn_14_201": 0.4115827256666667,
    "citeseer_gcn_16_236": 0.410159588,
    "citeseer_gcn_5_57": 0.406904697,
    "citeseer_gcn_25_369": 0.4052432775,
    "citeseer_gcn_7_82": 0.40486621850000004,
    "citeseer_gcn_31_477": 0.40212575325,
    "citeseer_gcn_14_195": 0.4016997867,
    "citeseer_gcn_2_2": 0.4015106992333333,
    "citeseer_gcn_3_29": 0.39524001090000005,
    "citeseer_gcn_12_166": 0.3932474909666667,
    "citeseer_gcn_25_376": 0.39239635454444444,
    "citeseer_gcn_2_5": 0.39190525800833337,
    "citeseer_gcn_28_424": 0.388052195,
    "citeseer_gcn_7_89": 0.387853146,
    "citeseer_gcn_28_421": 0.3869946172,
    "citeseer_gcn_28_418": 0.38589329321739124,
    "citeseer_gcn_24_353": 0.3813909935,
    "citeseer_gcn_31_466": 0.3799023518333334,
    "citeseer_gcn_3_18": 0.3790043276328571,
    "citeseer_gcn_18_271": 0.378232718,
    "citeseer_gcn_3_24": 0.37584925517285717,
    "citeseer_gcn_2_0": 0.37164133985217396,
    "citeseer_gcn_3_16": 0.36174558257799994,
    "citeseer_gcn_16_235": 0.3609113695,
    "citeseer_gcn_26_384": 0.3596274441107694,
    "citeseer_gcn_12_160": 0.35920528820000003,
    "citeseer_gcn_15_219": 0.35777315614666666,
    "citeseer_gcn_13_183": 0.3542651453166667,
    "citeseer_gcn_4_35": 0.35340516699999996,
    "citeseer_gcn_29_442": 0.3507295900583333,
    "citeseer_gcn_31_467": 0.34502028038571425,
    "citeseer_gcn_30_450": 0.33901325938875004,
    "citeseer_gcn_10_135": 0.33674944674833335,
    "citeseer_gcn_2_15": 0.33051698744800007,
    "citeseer_gcn_2_14": 0.32998362404500003,
    "citeseer_gcn_13_177": 0.32877899699999996,
    "citeseer_gcn_2_10": 0.3160513906093751,
    "citeseer_gcn_25_375": 0.3106686509,
    "citeseer_gcn_14_196": 0.309302151,
    "citeseer_gcn_17_252": 0.30725056863333333,
    "citeseer_gcn_2_13": 0.30488122139565216,
    "citeseer_gcn_29_440": 0.3038951331,
    "citeseer_gcn_7_87": 0.303601742,
    "citeseer_gcn_24_358": 0.298404574,
    "citeseer_gcn_3_30": 0.2983925335636364,
    "citeseer_gcn_26_389": 0.29433472433333335,