{
    "citeseer_gat_28_1347": 582.0,
    "citeseer_gat_26_1304": 420.0,
    "citeseer_gat_20_1174": 390.201416,
    "citeseer_gat_31_699": 364.707733,
    "citeseer_gat_31_1421": 330.83323218333334,
    "citeseer_gat_30_1408": 326.714447,
    "citeseer_gat_31_1439": 260.555389,
    "citeseer_gat_28_645": 239.4696045,
    "citeseer_gat_25_1289": 162.29903315333334,
    "citeseer_gat_24_1262": 124.16534050000001,
    "citeseer_gat_24_1270": 90.1646805,
    "citeseer_gat_15_1041": 90.0536957,
    "citeseer_gat_29_1371": 78.52427302,
    "citeseer_gat_19_1151": 75.6737213,
    "citeseer_gat_20_435": 62.133884715,
    "citeseer_gat_26_1317": 60.1770344,
    "citeseer_gat_12_974": 59.10955998866667,
    "citeseer_gat_30_1402": 54.68624097,
    "citeseer_gat_31_712": 53.300610689500004,
    "citeseer_gat_31_1438": 46.87786839631578,
    "citeseer_gat_23_1228": 45.4912682,
    "citeseer_gat_31_1431": 41.4479561,
    "citeseer_gat_30_689": 41.18257949461538,
    "citeseer_gat_26_1300": 38.53840544999999,
    "citeseer_gat_20_1154": 34.0344097,
    "citeseer_gat_30_1401": 33.04714356733333,
    "citeseer_gat_30_1403": 32.823553565000005,
    "citeseer_gat_31_717": 32.0756493,
    "citeseer_gat_29_1391": 30.497633,
    "citeseer_gat_23_1246": 30.366173671176472,
    "citeseer_gat_25_1283": 29.019424835,
    "citeseer_gat_27_1343": 27.20593419,
    "citeseer_gat_28_1355": 26.764334894999998,
    "citeseer_gat_31_1433": 24.0122948,
    "citeseer_gat_29_671": 23.2656136,
    "citeseer_gat_26_1318": 20.46162431,
    "citeseer_gat_28_1349": 19.75,
    "citeseer_gat_23_526": 17.8195038,
    "citeseer_gat_19_425": 17.547958232,
    "citeseer_gat_21_1184": 16.3960133,
    "citeseer_gat_29_1385": 16.2150383,
    "citeseer_gat_23_1226": 15.68268842,
    "citeseer_gat_26_1306": 15.127380063333334,
    "citeseer_gat_27_1324": 13.9876604,
    "citeseer_gat_20_1169": 12.912079783333335,
    "citeseer_gat_27_603": 10.680553929999999,
    "citeseer_gat_30_1415": 10.508930320000001,
    "citeseer_gat_29_670": 10.3731422,
    "citeseer_gat_24_1252": 9.660848975,
    "citeseer_gat_10_931": 9.54088783,
    "citeseer_gat_3_39": 9.18985844,
    "citeseer_gat_29_1370": 9.18905522,
    "citeseer_gat_30_677": 8.98572445,
    "citeseer_gat_27_1331": 8.821657767500001,
    "citeseer_gat_29_1376": 8.82143546,
    "citeseer_gat_23_505": 8.75,
    "citeseer_gat_4_62": 8.73406792,
    "citeseer_gat_18_1125": 8.59781837,
    "citeseer_gat_26_1307": 8.25,
    "citeseer_gat_31_700": 8.24025774,
    "citeseer_gat_30_1395": 8.212261179999999,
    "citeseer_gat_31_707": 7.67027473,
    "citeseer_gat_18_1109": 7.62773895,
    "citeseer_gat_6_116": 7.61245203,
    "citeseer_gat_2_743": 7.389994145,
    "citeseer_gat_21_1181": 7.22055483,
    "citeseer_gat_4_785": 7.16762233,
    "citeseer_gat_8_159": 7.10480022,
    "citeseer_gat_30_1414": 7.01851368,
    "citeseer_gat_22_1222": 6.822610615,
    "citeseer_gat_18_396": 6.76145506,
    "citeseer_gat_29_1379": 6.627682445,
    "citeseer_gat_28_1352": 6.57438159,
    "citeseer_gat_18_1114": 6.52285767,
    "citeseer_gat_13_988": 6.460790155,
    "citeseer_gat_16_1071": 6.28852797,
    "citeseer_gat_13_266": 6.25638199,
    "citeseer_gat_26_1305": 6.22124863,
    "citeseer_gat_2_726": 6.06042004,
    "citeseer_gat_22_492": 6.02287245,
    "citeseer_gat_16_343": 6.0,
    "citeseer_gat_29_1373": 5.99355745,
    "citeseer_gat_25_562": 5.94443512,
    "citeseer_gat_25_575": 5.94232464,
    "citeseer_gat_28_644": 5.87508106,
    "citeseer_gat_10_193": 5.75,
    "citeseer_gat_31_1427": 5.696025896,
    "citeseer_gat_16_340": 5.68330956,
    "citeseer_gat_30_1409": 5.635708845714285,
    "citeseer_gat_27_1334": 5.3944122875,
    "citeseer_gat_21_1193": 5.30110502,
    "citeseer_gat_13_996": 5.28578901,
    "citeseer_gat_13_997": 5.256819485,
    "citeseer_gat_26_1314": 5.18457651,
    "citeseer_gat_29_657": 5.15962696,
    "citeseer_gat_16_1068": 5.04564953,
    "citeseer_gat_3_767": 5.02355862,
    "citeseer_gat_4_68": 5.00193596,
    "citeseer_gat_31_708": 4.94432926,
    "citeseer_gat_28_1367": 4.8830415,
    "citeseer_gat_26_579": 4.82334328,
    "citeseer_gat_19_1131": 4.800794365,
    "citeseer_gat_20_444": 4.792885780000001,
    "citeseer_gat_6_118": 4.76162863,
    "citeseer_gat_16_1061": 4.7530252950000005,
    "citeseer_gat_25_1281": 4.72755051,
    "citeseer_gat_31_701": 4.714102506666666,
    "citeseer_gat_23_1235": 4.700202581666667,
    "citeseer_gat_26_1301": 4.65907001,
    "citeseer_gat_17_1085": 4.65152884,
    "citeseer_gat_11_233": 4.64256064,
    "citeseer_gat_30_681": 4.631969574999999,
    "citeseer_gat_28_1354": 4.56509924,
    "citeseer_gat_5_810": 4.400244355,
    "citeseer_gat_22_1204": 4.325802006666667,
    "citeseer_gat_27_1342": 4.30070925,
    "citeseer_gat_17_1090": 4.26533842,
    "citeseer_gat_21_460": 4.23453283,
    "citeseer_gat_18_404": 4.19124556,
    "citeseer_gat_12_252": 4.179047106666666,
    "citeseer_gat_8_881": 4.14643192,
    "citeseer_gat_25_1286": 4.0077095,
    "citeseer_gat_21_470": 3.9317656149999998,
    "citeseer_gat_21_1189": 3.82835317,
    "citeseer_gat_31_1430": 3.80432844,
    "citeseer_gat_26_593": 3.784497736666667,
    "citeseer_gat_24_540": 3.7607670779999998,
    "citeseer_gat_20_1166": 3.757712245,
    "citeseer_gat_28_1364": 3.75480628,
    "citeseer_gat_15_1037": 3.69774675,
    "citeseer_gat_21_1185": 3.6950132066666668,
    "citeseer_gat_22_1210": 3.68497086,
    "citeseer_gat_2_0": 3.62416744,
    "citeseer_gat_25_1291": 3.49824524,
    "citeseer_gat_30_1394": 3.49767208,
    "citeseer_gat_2_740": 3.42826939,
    "citeseer_gat_26_1312": 3.4244705737500003,
    "citeseer_gat_5_93": 3.344383715,
    "citeseer_gat_20_1162": 3.29915643,
    "citeseer_gat_3_763": 3.2698293950000004,
    "citeseer_gat_29_1389": 3.25,
    "citeseer_gat_26_1311": 3.2438254366666666,
    "citeseer_gat_7_855": 3.20640421,
    "citeseer_gat_25_572": 3.20448589,
    "citeseer_gat_13_984": 3.174712134,
    "citeseer_gat_5_89": 3.1539243100000003,
    "citeseer_gat_3_45": 3.1524505649999996,
    "citeseer_gat_27_608": 3.13319874,
    "citeseer_gat_12_253": 3.12089849,
    "citeseer_gat_3_764": 3.11929631,
    "citeseer_gat_20_451": 3.0886865849999996,
    "citeseer_gat_11_945": 3.05766726,
    "citeseer_gat_12_261": 3.0478823750000004,
    "citeseer_gat_31_1437": 3.04339957,
    "citeseer_gat_15_1051": 3.03707862,
    "citeseer_gat_15_1046": 3.01071024,
    "citeseer_gat_16_1074": 2.94390416,
    "citeseer_gat_15_335": 2.9356411700000002,
    "citeseer_gat_16_1066": 2.92009854,
    "citeseer_gat_11_224": 2.89650774,
    "citeseer_gat_20_1173": 2.86604071,
    "citeseer_gat_22_1212": 2.8623302,
    "citeseer_gat_30_688": 2.82660842,
    "citeseer_gat_28_1361": 2.78868389,
    "citeseer_gat_7_137": 2.76518631,
    "citeseer_gat_3_30": 2.7288680100000002,
    "citeseer_gat_3_43": 2.7101419766666663,
    "citeseer_gat_5_88": 2.69816852,
    "citeseer_gat_22_1216": 2.65454555,
    "citeseer_gat_22_1220": 2.65066171,
    "citeseer_gat_23_1237": 2.6480267,
    "citeseer_gat_19_431": 2.636508706666667,
    "citeseer_gat_24_1257": 2.61926866,
    "citeseer_gat_2_1": 2.5860837725,
    "citeseer_gat_31_1432": 2.5667939775,
    "citeseer_gat_29_1384": 2.5537529,
    "citeseer_gat_14_1017": 2.54443717,
    "citeseer_gat_2_741": 2.54179978,
    "citeseer_gat_24_1259": 2.53607702,
    "citeseer_gat_22_1215": 2.53450608,
    "citeseer_gat_3_756": 2.53130269,
    "citeseer_gat_9_910": 2.51505518,
    "citeseer_gat_8_157": 2.48189712,
    "citeseer_gat_19_1150": 2.47943568,
    "citeseer_gat_31_711": 2.4750741940000003,
    "citeseer_gat_2_19": 2.46304119,
    "citeseer_gat_23_1247": 2.45809078,
    "citeseer_gat_15_326": 2.43218231,
    "citeseer_gat_28_1360": 2.41210926,
    "citeseer_gat_28_641": 2.40934849,
    "citeseer_gat_3_37": 2.38985634,
    "citeseer_gat_3_751": 2.3822124,
    "citeseer_gat_2_23": 2.35148978,
    "citeseer_gat_9_190": 2.31873369,
    "citeseer_gat_12_257": 2.31151462,
    "citeseer_gat_11_948": 2.28146291,