{
    "citeseer_tagcn_22_460": 437.252182,
    "citeseer_tagcn_31_598": 421.00143425,
    "citeseer_tagcn_17_570": 348.775146,
    "citeseer_tagcn_31_238": 278.407928,
    "citeseer_tagcn_29_414": 126.93353491333333,
    "citeseer_tagcn_31_538": 106.326985074,
    "citeseer_tagcn_8_552": 96.7628479,
    "citeseer_tagcn_29_534": 86.33786719333334,
    "citeseer_tagcn_29_594": 71.0298233,
    "citeseer_tagcn_24_524": 62.284999850000005,
    "citeseer_tagcn_23_462": 33.98505645,
    "citeseer_tagcn_28_172": 32.6415663,
    "citeseer_tagcn_23_582": 31.0411816,
    "citeseer_tagcn_26_408": 11.168149,
    "citeseer_tagcn_20_456": 10.423830503333333,
    "citeseer_tagcn_26_588": 10.335946665,
    "citeseer_tagcn_28_292": 9.84441566,
    "citeseer_tagcn_19_274": 6.1978054,
    "citeseer_tagcn_27_590": 5.84570932,
    "citeseer_tagcn_27_410": 3.50043368
}