{
    "citeseer_gcn_29_432": 133.47095816588234,
    "citeseer_gcn_16_224": 124.16413824666665,
    "citeseer_gcn_27_404": 118.74959111350002,
    "citeseer_gcn_30_452": 108.19746147913044,
    "citeseer_gcn_21_308": 94.72618256733334,
    "citeseer_gcn_30_454": 79.55450404999999,
    "citeseer_gcn_31_468": 78.76762560857144,
    "citeseer_gcn_29_436": 76.28381698727274,
    "citeseer_gcn_26_388": 75.09405344419356,
    "citeseer_gcn_25_368": 73.47644004499999,
    "citeseer_gcn_19_278": 72.07679860285715,
    "citeseer_gcn_16_229": 71.8059311,
    "citeseer_gcn_12_173": 71.5049591,
    "citeseer_gcn_27_400": 69.58555769333336,
    "citeseer_gcn_25_377": 66.6648331,
    "citeseer_gcn_30_457": 63.764528625,
    "citeseer_gcn_17_249": 63.4703865,
    "citeseer_gcn_17_242": 62.401944632500005,
    "citeseer_gcn_22_324": 61.57099376,
    "citeseer_gcn_18_257": 58.2655487,
    "citeseer_gcn_7_89": 57.740097,
    "citeseer_gcn_3_30": 57.175982450909096,
    "citeseer_gcn_15_223": 55.4640923,
    "citeseer_gcn_8_107": 52.23081241666667,
    "citeseer_gcn_13_177": 51.2067566,
    "citeseer_gcn_5_54": 48.6680067,
    "citeseer_gcn_18_256": 47.355777192187496,
    "citeseer_gcn_15_214": 46.122861744999994,
    "citeseer_gcn_26_389": 45.46604026666666,
    "citeseer_gcn_20_294": 45.46346784833333,
    "citeseer_gcn_22_333": 44.647134301666675,
    "citeseer_gcn_9_122": 44.20519445333334,
    "citeseer_gcn_2_0": 43.27181666130435,
    "citeseer_gcn_23_347": 42.81744,
    "citeseer_gcn_25_376": 42.28986281444444,
    "citeseer_gcn_27_403": 42.20653946111112,
    "citeseer_gcn_2_7": 41.53228875954546,
    "citeseer_gcn_4_42": 41.30724725166667,
    "citeseer_gcn_23_340": 41.254340830000004,
    "citeseer_gcn_30_456": 41.001209275,
    "citeseer_gcn_20_289": 40.91364830333333,
    "citeseer_gcn_13_191": 40.252342968571426,
    "citeseer_gcn_31_469": 39.884149533333336,
    "citeseer_gcn_28_430": 39.65615509999999,
    "citeseer_gcn_5_63": 39.390293879999994,
    "citeseer_gcn_14_195": 39.20920676,
    "citeseer_gcn_29_438": 38.898639152,
    "citeseer_gcn_22_325": 35.932963373571425,
    "citeseer_gcn_31_466": 35.020358726666664,
    "citeseer_gcn_24_357": 34.68278467454545,
    "citeseer_gcn_29_446": 34.51867628,
    "citeseer_gcn_30_451": 33.8094561125,
    "citeseer_gcn_4_40": 33.681497568333334,
    "citeseer_gcn_23_342": 33.50799167142857,
    "citeseer_gcn_3_23": 32.926805552999994,
    "citeseer_gcn_7_86": 31.259963999999997,
    "citeseer_gcn_25_369": 31.248219499999998,
    "citeseer_gcn_5_53": 30.98158419878788,
    "citeseer_gcn_23_339": 30.20913917,
    "citeseer_gcn_21_305": 29.72396875,
    "citeseer_gcn_3_24": 29.25679676619047,
    "citeseer_gcn_2_1": 29.216382945333333,
    "citeseer_gcn_10_142": 29.004788963333336,
    "citeseer_gcn_29_442": 28.980711164166667,
    "citeseer_gcn_17_251": 28.956528669,
    "citeseer_gcn_2_4": 28.78250318133333,
    "citeseer_gcn_24_354": 27.805706912500003,
    "citeseer_gcn_29_447": 27.3934343725,
    "citeseer_gcn_31_479": 27.198064305,
    "citeseer_gcn_14_192": 26.299000616875002,
    "citeseer_gcn_28_418": 25.658413876521738,
    "citeseer_gcn_3_21": 25.656334990909098,
    "citeseer_gcn_17_252": 25.460978190000002,
    "citeseer_gcn_28_420": 25.23331722,
    "citeseer_gcn_3_22": 24.823359786428572,
    "citeseer_gcn_16_228": 24.666588017647058,
    "citeseer_gcn_12_171": 24.62421871,
    "citeseer_gcn_30_463": 24.534380916666663,
    "citeseer_gcn_24_367": 24.34739748666667,
    "citeseer_gcn_3_28": 24.32673049,
    "citeseer_gcn_10_128": 24.192201956,
    "citeseer_gcn_31_473": 24.08957385333333,
    "citeseer_gcn_6_77": 23.843591220000004,
    "citeseer_gcn_21_304": 23.71225205583333,
    "citeseer_gcn_2_11": 23.684928936250007,
    "citeseer_gcn_27_408": 23.3200799825,
    "citeseer_gcn_28_421": 22.052136369999992,
    "citeseer_gcn_2_12": 21.87283067863636,
    "citeseer_gcn_20_288": 21.679484681250003,
    "citeseer_gcn_29_440": 21.591206553333336,
    "citeseer_gcn_19_272": 21.501996822000002,
    "citeseer_gcn_5_49": 21.496498222499998,
    "citeseer_gcn_28_416": 21.36114942125,
    "citeseer_gcn_12_160": 20.425890798333338,
    "citeseer_gcn_3_18": 20.023102489285716,
    "citeseer_gcn_4_45": 19.375120341428573,
    "citeseer_gcn_3_29": 19.141022379999995,
    "citeseer_gcn_7_93": 19.049578203571432,
    "citeseer_gcn_20_302": 18.143413393333333,
    "citeseer_gcn_4_41": 17.981122966428572,
    "citeseer_gcn_3_20": 17.655960936666666,
    "citeseer_gcn_30_460": 17.596679681999998,
    "citeseer_gcn_2_3": 17.124411360555555,
    "citeseer_gcn_4_37": 17.06797646964286,
    "citeseer_gcn_3_17": 16.142409514444445,
    "citeseer_gcn_24_353": 16.0781047425,
    "citeseer_gcn_3_25": 15.898629166874999,
    "citeseer_gcn_30_450": 15.04252273125,
    "citeseer_gcn_2_13": 15.014899317826087,
    "citeseer_gcn_14_198": 14.831199896666668,
    "citeseer_gcn_12_168": 14.409071464166665,
    "citeseer_gcn_2_5": 14.2711369275,
    "citeseer_gcn_2_2": 13.752529846249999,
    "citeseer_gcn_29_434": 13.7115780075,
    "citeseer_gcn_11_144": 13.706233890000002,
    "citeseer_gcn_24_365": 13.045192474285715,
    "citeseer_gcn_11_148": 12.993261496666667,
    "citeseer_gcn_3_19": 12.957553684666665,
    "citeseer_gcn_18_267": 12.6157207,
    "citeseer_gcn_20_292": 11.950179647857144,
    "citeseer_gcn_4_35": 11.898840332,
    "citeseer_gcn_4_34": 11.766074154285715,
    "citeseer_gcn_30_462": 11.6632803475,
    "citeseer_gcn_24_358": 10.9851646,
    "citeseer_gcn_31_467": 10.313532971428572,
    "citeseer_gcn_2_14": 10.259183384285715,
    "citeseer_gcn_25_382": 10.2479372,
    "citeseer_gcn_2_10": 10.042337284687498,
    "citeseer_gcn_4_47": 9.97983656777778,
    "citeseer_gcn_2_9": 9.787528834545455,
    "citeseer_gcn_5_56": 9.770433027,
    "citeseer_gcn_28_427": 9.73760796,
    "citeseer_gcn_2_8": 9.679820145454544,
    "citeseer_gcn_29_439": 9.419750914375,
    "citeseer_gcn_2_15": 9.394004726,
    "citeseer_gcn_31_465": 9.301807168,
    "citeseer_gcn_19_284": 9.1717331325,
    "citeseer_gcn_3_27": 9.095493097692309,
    "citeseer_gcn_26_390": 9.05890790125,
    "citeseer_gcn_16_239": 8.303989775,
    "citeseer_gcn_20_290": 8.226224699230768,
    "citeseer_gcn_12_162": 8.06921067,
    "citeseer_gcn_18_265": 8.01435471,
    "citeseer_gcn_31_477": 7.7519073474999995,
    "citeseer_gcn_7_84": 7.54745102,
    "citeseer_gcn_10_135": 7.517817065,
    "citeseer_gcn_19_276": 7.4169653625,
    "citeseer_gcn_8_100": 7.299665136666667,
    "citeseer_gcn_23_338": 7.265178322500001,
    "citeseer_gcn_15_215": 7.25350523,
    "citeseer_gcn_24_352": 7.084586542666668,
    "citeseer_gcn_27_402": 7.079470451538461,
    "citeseer_gcn_20_296": 7.064425945,
    "citeseer_gcn_13_176": 7.044418469999999,
    "citeseer_gcn_11_154": 7.029491433333334,
    "citeseer_gcn_5_52": 6.9217186,
    "citeseer_gcn_17_246": 6.87973107,
    "citeseer_gcn_24_359": 6.55248642,
    "citeseer_gcn_18_258": 6.506495614285714,
    "citeseer_gcn_21_309": 6.46952724,
    "citeseer_gcn_14_201": 6.4682122699999995,
    "citeseer_gcn_22_326": 6.466250895,
    "citeseer_gcn_9_126": 6.4556986,
    "citeseer_gcn_26_398": 6.40773163,
    "citeseer_gcn_17_255": 6.37721634,
    "citeseer_gcn_25_374": 6.309470788181819,
    "citeseer_gcn_24_360": 6.205917835,
    "citeseer_gcn_13_183": 6.203977466666667,
    "citeseer_gcn_28_422": 6.185697687692308,
    "citeseer_gcn_30_455": 6.113212345,
    "citeseer_gcn_30_448": 6.055141988750001,
    "citeseer_gcn_21_307": 5.9935019,
    "citeseer_gcn_24_364": 5.873624969999999,
    "citeseer_gcn_14_197": 5.77950907,
    "citeseer_gcn_28_426": 5.75042915,
    "citeseer_gcn_23_345": 5.67010689,
    "citeseer_gcn_21_316": 5.58458567,
    "citeseer_gcn_16_231": 5.554608666666667,
    "citeseer_gcn_10_132": 5.54828262,
    "citeseer_gcn_23_346": 5.5119571700000005,
    "citeseer_gcn_23_351": 5.4971643299999995,
    "citeseer_gcn_9_114": 5.39544185,
    "citeseer_gcn_7_92": 5.37031794,
    "citeseer_gcn_20_295": 5.322256323333332,