{
    "citeseer_tagcn_31_598": 765.3502131250001,
    "citeseer_tagcn_29_414": 108.49960009,
    "citeseer_tagcn_31_538": 99.43950608259999,
    "citeseer_tagcn_29_534": 69.37505588666667,
    "citeseer_tagcn_29_594": 50.5771866,
    "citeseer_tagcn_23_462": 23.16709231,
    "citeseer_tagcn_23_582": 20.6900368,
    "citeseer_tagcn_26_408": 6.78415585,
    "citeseer_tagcn_20_456": 6.296624759000001,
    "citeseer_tagcn_26_588": 6.18144798,
    "citeseer_tagcn_22_460": 3.1788940400000003,
    "citeseer_tagcn_27_590": 3.0621891,
    "citeseer_tagcn_17_570": 1.99572754,
    "citeseer_tagcn_27_410": 1.50428641,
    "citeseer_tagcn_8_552": 0.300292969,
    "citeseer_tagcn_31_238": 0.184967041,
    "citeseer_tagcn_24_524": 0.1381454467,
    "citeseer_tagcn_28_172": 0.12474155405,
    "citeseer_tagcn_19_274": 0.0771121979,
    "citeseer_tagcn_28_292": 0.0417966843
}