{
    "citeseer_graphsage_20_517": 159.41898656012498,
    "citeseer_graphsage_21_579": 154.747164296,
    "citeseer_graphsage_18_573": 0.458892822,
    "citeseer_graphsage_18_572": 0.376262933,
    "citeseer_graphsage_22_461": 0.0780029297,
    "citeseer_graphsage_8_433": 0.0692443848,
    "citeseer_graphsage_24_165": 0.0635528564,
    "citeseer_graphsage_22_341": 0.0619468689,
    "citeseer_graphsage_14_564": 0.0597076416,
    "citeseer_graphsage_16_389": 0.0437908173,
    "citeseer_graphsage_10_497": 0.0194396973
}