{
    "citeseer_gat_28_1347": 1441.18359,
    "citeseer_gat_31_1421": 431.5436405373334,
    "citeseer_gat_31_699": 331.546326,
    "citeseer_gat_29_1371": 58.028042252249996,
    "citeseer_gat_28_1349": 30.6289005,
    "citeseer_gat_30_1403": 18.4677638741,
    "citeseer_gat_23_1246": 15.01955624252353,
    "citeseer_gat_26_1307": 14.6715288,
    "citeseer_gat_31_712": 11.424929724695001,
    "citeseer_gat_24_1270": 10.0789871,
    "citeseer_gat_31_700": 8.444038728,
    "citeseer_gat_31_1438": 7.177321741526314,
    "citeseer_gat_30_689": 6.307699223438461,
    "citeseer_gat_27_1324": 6.29914045,
    "citeseer_gat_23_1226": 5.960887996937499,
    "citeseer_gat_23_1228": 5.4574585,
    "citeseer_gat_30_1402": 5.421350705816667,
    "citeseer_gat_26_1300": 4.844069400333334,
    "citeseer_gat_20_1174": 4.82019043,
    "citeseer_gat_27_1331": 4.688591465249999,
    "citeseer_gat_31_707": 4.62371635,
    "citeseer_gat_26_1317": 4.6232852911,
    "citeseer_gat_30_1408": 4.47174072,
    "citeseer_gat_3_39": 4.1319952,
    "citeseer_gat_30_677": 4.0259285,
    "citeseer_gat_30_1401": 3.9995402266799998,
    "citeseer_gat_20_435": 3.9612364749999998,
    "citeseer_gat_4_62": 3.92849159,
    "citeseer_gat_28_1364": 3.79931593,
    "citeseer_gat_28_1355": 3.73140204,
    "citeseer_gat_18_1109": 3.56800628,
    "citeseer_gat_26_1306": 3.528771117666667,
    "citeseer_gat_27_603": 3.343250155,
    "citeseer_gat_30_1415": 3.28888440625,
    "citeseer_gat_23_505": 3.2523613,
    "citeseer_gat_25_1289": 2.9743732499999997,
    "citeseer_gat_20_1154": 2.666667668075,
    "citeseer_gat_29_1389": 2.56209183,
    "citeseer_gat_21_1193": 2.48638344,
    "citeseer_gat_10_193": 2.3252821,
    "citeseer_gat_21_1181": 2.30888748,
    "citeseer_gat_6_116": 2.29131842,
    "citeseer_gat_21_1184": 2.2547307,
    "citeseer_gat_16_1061": 2.228185175,
    "citeseer_gat_29_1379": 2.1902489650000003,
    "citeseer_gat_31_1439": 2.17245483,
    "citeseer_gat_19_1131": 2.100218775,
    "citeseer_gat_27_1334": 2.08860264675,
    "citeseer_gat_25_1283": 2.043975079175,
    "citeseer_gat_10_931": 1.98669541,
    "citeseer_gat_25_1286": 1.87064767,
    "citeseer_gat_13_266": 1.81872272,
    "citeseer_gat_26_1318": 1.6588380325333334,
    "citeseer_gat_20_1169": 1.6504928946222222,
    "citeseer_gat_18_1114": 1.60849237,
    "citeseer_gat_17_1090": 1.59126902,
    "citeseer_gat_31_717": 1.55779839,
    "citeseer_gat_16_343": 1.52104855,
    "citeseer_gat_2_743": 1.49003458,
    "citeseer_gat_30_1395": 1.473238705,
    "citeseer_gat_8_159": 1.47108483,
    "citeseer_gat_3_767": 1.42261803,
    "citeseer_gat_28_1361": 1.35806751,
    "citeseer_gat_20_1166": 1.351180197,
    "citeseer_gat_24_1252": 1.3417251783333335,
    "citeseer_gat_31_1437": 1.3292346,
    "citeseer_gat_20_1173": 1.32592785,
    "citeseer_gat_26_1305": 1.24013007,
    "citeseer_gat_27_1343": 1.2270039904999999,
    "citeseer_gat_13_996": 1.206541151,
    "citeseer_gat_29_1373": 1.19799399,
    "citeseer_gat_31_1427": 1.15379881276,
    "citeseer_gat_19_425": 1.1343678113600002,
    "citeseer_gat_5_93": 1.131855384,
    "citeseer_gat_28_1367": 1.108997037,
    "citeseer_gat_18_404": 1.08754396,
    "citeseer_gat_29_1370": 1.0798178605,
    "citeseer_gat_4_785": 1.0605970470000001,
    "citeseer_gat_31_1433": 1.0593605,
    "citeseer_gat_25_1281": 1.05598772,
    "citeseer_gat_28_645": 1.0512237565,
    "citeseer_gat_3_764": 1.02961159,
    "citeseer_gat_31_1431": 1.00198364,
    "citeseer_gat_22_492": 0.9661448,
    "citeseer_gat_23_1237": 0.948823571,
    "citeseer_gat_18_1125": 0.859836578,
    "citeseer_gat_31_708": 0.8294818399999999,
    "citeseer_gat_15_326": 0.818543971,
    "citeseer_gat_14_294": 0.78234905,
    "citeseer_gat_25_575": 0.741522789,
    "citeseer_gat_23_1235": 0.7358270631833334,
    "citeseer_gat_19_1151": 0.734611511,
    "citeseer_gat_26_1301": 0.700492203,
    "citeseer_gat_24_1262": 0.687431335,
    "citeseer_gat_16_1066": 0.673262477,
    "citeseer_gat_26_593": 0.6672675809999999,
    "citeseer_gat_10_197": 0.666666627,
    "citeseer_gat_25_562": 0.655618727,
    "citeseer_gat_28_636": 0.643811584,
    "citeseer_gat_22_1204": 0.6356758908,
    "citeseer_gat_31_701": 0.6211485726666667,
    "citeseer_gat_30_1414": 0.616292715,
    "citeseer_gat_12_974": 0.6148086671666668,
    "citeseer_gat_31_1430": 0.6086812615,
    "citeseer_gat_11_224": 0.594940424,
    "citeseer_gat_28_644": 0.525912762,
    "citeseer_gat_3_45": 0.5222656505000001,
    "citeseer_gat_15_1051": 0.510747492,
    "citeseer_gat_30_688": 0.510387838,
    "citeseer_gat_16_1071": 0.495182514,
    "citeseer_gat_21_460": 0.48663187,
    "citeseer_gat_6_118": 0.484289199,
    "citeseer_gat_26_1304": 0.483520508,
    "citeseer_gat_3_751": 0.48066473,
    "citeseer_gat_27_608": 0.478935212,
    "citeseer_gat_29_657": 0.45870458685,
    "citeseer_gat_17_1085": 0.455468178,
    "citeseer_gat_16_340": 0.453590393,
    "citeseer_gat_22_1215": 0.437843859,
    "citeseer_gat_13_988": 0.43217705545,
    "citeseer_gat_22_1222": 0.422982544,
    "citeseer_gat_29_1376": 0.41171343244999997,
    "citeseer_gat_30_1394": 0.398068726,
    "citeseer_gat_5_89": 0.3943107155666667,
    "citeseer_gat_3_37": 0.38434279,
    "citeseer_gat_12_257": 0.34733963,
    "citeseer_gat_30_1409": 0.3410132492714287,
    "citeseer_gat_25_1291": 0.336800724,
    "citeseer_gat_2_0": 0.325655699,
    "citeseer_gat_7_855": 0.31222258016666665,
    "citeseer_gat_24_1257": 0.310176671,
    "citeseer_gat_26_579": 0.300612271,
    "citeseer_gat_2_1": 0.29311742235000005,
    "citeseer_gat_11_945": 0.292653859,
    "citeseer_gat_9_180": 0.289564371,
    "citeseer_gat_25_572": 0.28648296,
    "citeseer_gat_26_1312": 0.28483429795000004,
    "citeseer_gat_31_1436": 0.284488678,
    "citeseer_gat_29_671": 0.279535294,
    "citeseer_gat_5_810": 0.27529925850000003,
    "citeseer_gat_9_190": 0.265440702,
    "citeseer_gat_2_23": 0.262364149,
    "citeseer_gat_7_137": 0.261298895,
    "citeseer_gat_29_1384": 0.260496378,
    "citeseer_gat_20_1162": 0.252579212,
    "citeseer_gat_28_1352": 0.2475618455,
    "citeseer_gat_20_451": 0.24009478099999998,
    "citeseer_gat_5_88": 0.239613265,
    "citeseer_gat_3_43": 0.23744147536666668,
    "citeseer_gat_12_253": 0.231128603,
    "citeseer_gat_16_1074": 0.22781079285,
    "citeseer_gat_9_910": 0.215050071,
    "citeseer_gat_18_396": 0.201643556,
    "citeseer_gat_15_1046": 0.201335818,
    "citeseer_gat_21_1189": 0.200768933,
    "citeseer_gat_27_1342": 0.18954885,
    "citeseer_gat_15_1037": 0.177005053,
    "citeseer_gat_16_1076": 0.170844316,
    "citeseer_gat_10_196": 0.166666657,
    "citeseer_gat_4_68": 0.16480732,
    "citeseer_gat_29_670": 0.156478882,
    "citeseer_gat_22_1212": 0.155118525,
    "citeseer_gat_2_741": 0.150820568,
    "citeseer_gat_29_1385": 0.142762184,
    "citeseer_gat_3_30": 0.14256479335,
    "citeseer_gat_19_1150": 0.135118544,
    "citeseer_gat_12_261": 0.13399145002500001,
    "citeseer_gat_28_641": 0.133666635,
    "citeseer_gat_8_157": 0.131903112,
    "citeseer_gat_2_740": 0.119035721,
    "citeseer_gat_3_763": 0.11754110450000001,
    "citeseer_gat_26_1311": 0.11715247496666668,
    "citeseer_gat_13_997": 0.11376527675,
    "citeseer_gat_15_335": 0.11370604849999999,
    "citeseer_gat_24_540": 0.10710441690000001,
    "citeseer_gat_26_1314": 0.10554757,
    "citeseer_gat_23_526": 0.100311279,
    "citeseer_gat_26_582": 0.0939664915,
    "citeseer_gat_16_1068": 0.0928705037,
    "citeseer_gat_13_984": 0.09103813394,
    "citeseer_gat_20_444": 0.09004210859999999,
    "citeseer_gat_14_1017": 0.0891199857,
    "citeseer_gat_11_233": 0.08679357180000001,
    "citeseer_gat_22_1216": 0.0861665606,
    "citeseer_gat_15_314": 0.08614760445,
    "citeseer_gat_11_948": 0.0853619576,
    "citeseer_gat_31_711": 0.08333674967999999,
    "citeseer_gat_30_681": 0.07970261954999999,
    "citeseer_gat_2_726": 0.0728960037,
    "citeseer_gat_23_1247": 0.0713799447,
    "citeseer_gat_28_1354": 0.0698180273,