{
    "cora_gat_27_1341": 377.25,
    "cora_gat_31_1426": 320.22801205,
    "cora_gat_30_1400": 291.505035,
    "cora_gat_21_1191": 230.615036,
    "cora_gat_28_1347": 211.55603030000003,
    "cora_gat_31_1427": 177.697678,
    "cora_gat_18_400": 137.724396,
    "cora_gat_27_1336": 87.905010645,
    "cora_gat_28_1364": 82.8259277,
    "cora_gat_20_1167": 81.5435867,
    "cora_gat_29_1388": 72.1770935,
    "cora_gat_25_1288": 58.3569298,
    "cora_gat_24_1257": 57.541234,
    "cora_gat_30_1397": 49.02808067499999,
    "cora_gat_25_1287": 46.7300415,
    "cora_gat_26_1298": 46.1307793,
    "cora_gat_26_1307": 40.01754896909091,
    "cora_gat_26_1313": 37.446930646818174,
    "cora_gat_29_1391": 35.07092561416666,
    "cora_gat_30_680": 35.0652466,
    "cora_gat_21_1199": 34.97095521333333,
    "cora_gat_29_1371": 34.364790922000005,
    "cora_gat_31_1439": 34.353841151999994,
    "cora_gat_25_1282": 30.72082934333333,
    "cora_gat_19_412": 26.3428097,
    "cora_gat_29_665": 24.696258652999994,
    "cora_gat_16_1078": 20.225903534999997,
    "cora_gat_28_1365": 16.8699818,
    "cora_gat_6_118": 15.4635277,
    "cora_gat_31_1432": 14.773730943333334,
    "cora_gat_23_1225": 9.37878036,
    "cora_gat_22_489": 9.118476486666667,
    "cora_gat_24_533": 8.1586237,
    "cora_gat_30_1415": 8.121373173333334,
    "cora_gat_26_593": 6.508187926666667,
    "cora_gat_28_1349": 5.16555738,
    "cora_gat_31_1418": 3.91267419,
    "cora_gat_19_1136": 3.7513423919999993,
    "cora_gat_22_1222": 3.67209983,
    "cora_gat_28_635": 3.34852028,
    "cora_gat_20_445": 3.32171583,
    "cora_gat_3_46": 3.2699071149999996,
    "cora_gat_4_64": 3.06053948,
    "cora_gat_17_379": 3.0,
    "cora_gat_22_1213": 2.985471723333333,
    "cora_gat_30_693": 2.95473599,
    "cora_gat_5_90": 2.938338995,
    "cora_gat_19_1147": 2.846739213333333,
    "cora_gat_5_95": 2.83637571,
    "cora_gat_11_223": 2.80877209,
    "cora_gat_3_745": 2.8084493275,
    "cora_gat_2_728": 2.804816104,
    "cora_gat_2_732": 2.64023948,
    "cora_gat_31_1434": 2.559475065,
    "cora_gat_18_396": 2.5312665699999997,
    "cora_gat_2_726": 2.38413668,
    "cora_gat_14_1023": 2.31252265,
    "cora_gat_10_919": 2.27905774,
    "cora_gat_19_414": 2.271376845,
    "cora_gat_2_733": 2.26891136,
    "cora_gat_24_542": 2.22985208,
    "cora_gat_2_7": 2.2115589,
    "cora_gat_28_1366": 2.19799733,
    "cora_gat_10_211": 2.14651895,
    "cora_gat_16_352": 2.11402345,
    "cora_gat_15_325": 2.01111913
}