{
    "cora_gcn_28_417": 329.759277,
    "cora_gcn_18_263": 328.511963,
    "cora_gcn_27_415": 224.72997572499997,
    "cora_gcn_8_105": 203.304821,
    "cora_gcn_22_322": 178.61879146,
    "cora_gcn_18_262": 174.133408,
    "cora_gcn_26_384": 158.61497889999998,
    "cora_gcn_31_468": 140.15538319499998,
    "cora_gcn_30_453": 137.058578,
    "cora_gcn_30_448": 135.857788,
    "cora_gcn_15_211": 134.854874,
    "cora_gcn_26_393": 105.88595432000002,
    "cora_gcn_28_427": 104.53295241400001,
    "cora_gcn_27_401": 102.25329667333334,
    "cora_gcn_30_452": 99.2511368,
    "cora_gcn_29_447": 98.4369004,
    "cora_gcn_23_340": 97.45137964,
    "cora_gcn_28_416": 93.41973905000002,
    "cora_gcn_22_327": 93.06658278666667,
    "cora_gcn_24_357": 91.28722330999999,
    "cora_gcn_31_467": 70.95060568214286,
    "cora_gcn_30_461": 61.9858322,
    "cora_gcn_27_403": 61.32518142428571,
    "cora_gcn_6_75": 61.0985527,
    "cora_gcn_29_443": 59.49727303071429,
    "cora_gcn_31_469": 54.262084,
    "cora_gcn_28_420": 53.9462776,
    "cora_gcn_26_387": 48.9604416,
    "cora_gcn_31_471": 48.565397041249994,
    "cora_gcn_23_345": 38.0453491,
    "cora_gcn_19_276": 34.276563333333335,
    "cora_gcn_28_423": 33.939550209696954,
    "cora_gcn_25_369": 32.6976964375,
    "cora_gcn_26_391": 27.92577932333333,
    "cora_gcn_22_331": 18.6699162,
    "cora_gcn_27_411": 18.003133617333337,
    "cora_gcn_30_457": 17.429313714,
    "cora_gcn_29_445": 16.843604324999998,
    "cora_gcn_26_389": 16.556884133333334,
    "cora_gcn_30_449": 15.15171431,
    "cora_gcn_11_147": 15.0177126,
    "cora_gcn_6_72": 14.417406100000001,
    "cora_gcn_5_63": 13.9185572,
    "cora_gcn_3_21": 13.5956984,
    "cora_gcn_4_36": 12.608414352499999,
    "cora_gcn_5_48": 12.287688513076924,
    "cora_gcn_31_464": 11.734585675238096,
    "cora_gcn_25_375": 11.7241535,
    "cora_gcn_24_356": 11.48383426,
    "cora_gcn_13_191": 10.59581759,
    "cora_gcn_29_436": 10.5561237,
    "cora_gcn_6_69": 10.364162802500001,
    "cora_gcn_12_171": 10.281548362999999,
    "cora_gcn_11_153": 10.05111789,
    "cora_gcn_12_163": 9.328119055,
    "cora_gcn_8_109": 9.27989928,
    "cora_gcn_28_418": 8.877438348333333,
    "cora_gcn_11_144": 8.81878948,
    "cora_gcn_16_229": 8.567731975000001,
    "cora_gcn_17_248": 8.085392955,
    "cora_gcn_8_101": 7.9755773675,
    "cora_gcn_2_14": 7.86212254,
    "cora_gcn_4_43": 7.838821835000001,
    "cora_gcn_20_303": 7.43183136,
    "cora_gcn_3_20": 7.346165400666667,
    "cora_gcn_2_1": 7.185687865454546,
    "cora_gcn_3_31": 7.085721225714286,
    "cora_gcn_7_90": 6.922984123333333,
    "cora_gcn_12_161": 6.8908081249999995,
    "cora_gcn_2_8": 6.69757891,
    "cora_gcn_7_86": 6.69684339,
    "cora_gcn_28_430": 6.601801038333334,
    "cora_gcn_3_24": 6.422489402222222,
    "cora_gcn_6_67": 6.253340720000001,
    "cora_gcn_23_342": 6.10708857,
    "cora_gcn_2_9": 6.039261031000001,
    "cora_gcn_4_33": 6.023265641666666,
    "cora_gcn_30_463": 6.01275868,
    "cora_gcn_3_29": 5.759016833333333,
    "cora_gcn_2_3": 5.7423799921052625,
    "cora_gcn_2_12": 5.738764630555556,
    "cora_gcn_2_15": 5.7313933788235305,
    "cora_gcn_4_34": 5.675260488,
    "cora_gcn_14_203": 5.60825837,
    "cora_gcn_2_11": 5.541679820833334,
    "cora_gcn_7_81": 5.304746362857142,
    "cora_gcn_2_5": 4.988325895,
    "cora_gcn_3_22": 4.935005952,
    "cora_gcn_2_13": 4.7395375692307695,
    "cora_gcn_2_2": 4.723748619791667,
    "cora_gcn_9_113": 4.713155906666667,
    "cora_gcn_2_4": 4.559513166578947,
    "cora_gcn_3_26": 4.477231434285714,
    "cora_gcn_14_200": 4.37961769,
    "cora_gcn_27_412": 4.35997868,
    "cora_gcn_29_442": 4.32236147,
    "cora_gcn_2_7": 4.175409913333333,
    "cora_gcn_3_16": 4.159469742121211,
    "cora_gcn_3_17": 4.063628769999999,
    "cora_gcn_4_32": 4.017207385,
    "cora_gcn_10_136": 3.88550973,
    "cora_gcn_8_97": 3.87669039,
    "cora_gcn_11_148": 3.87466168,
    "cora_gcn_12_174": 3.86524137,
    "cora_gcn_16_236": 3.79111755,
    "cora_gcn_30_450": 3.55027312,
    "cora_gcn_10_130": 3.4984767425,
    "cora_gcn_13_180": 3.39111972,
    "cora_gcn_9_122": 3.38513923,
    "cora_gcn_5_60": 3.3840545449999997,
    "cora_gcn_2_10": 3.3191222485714285,
    "cora_gcn_3_27": 3.31018734,
    "cora_gcn_4_42": 3.13320577,
    "cora_gcn_10_142": 3.1070261,
    "cora_gcn_9_120": 3.05549479,
    "cora_gcn_9_124": 3.01091266,
    "cora_gcn_28_422": 3.0,
    "cora_gcn_4_45": 2.95560634,
    "cora_gcn_5_58": 2.9502565874999997,
    "cora_gcn_22_321": 2.83033204,
    "cora_gcn_6_64": 2.7475543,
    "cora_gcn_12_173": 2.73387289,
    "cora_gcn_26_394": 2.72587848,
    "cora_gcn_16_237": 2.72016263,
    "cora_gcn_3_19": 2.693733135,
    "cora_gcn_22_324": 2.66881657,
    "cora_gcn_4_44": 2.647126075,
    "cora_gcn_2_0": 2.623980046666667,
    "cora_gcn_4_39": 2.61028337,
    "cora_gcn_22_326": 2.52465224,
    "cora_gcn_27_407": 2.50453854,
    "cora_gcn_5_57": 2.473166945,
    "cora_gcn_14_197": 2.456186775,
    "cora_gcn_6_79": 2.43578196,
    "cora_gcn_6_78": 2.430245396666667,
    "cora_gcn_20_294": 2.40927339,
    "cora_gcn_10_143": 2.38258219,
    "cora_gcn_20_296": 2.36973,
    "cora_gcn_3_30": 2.29824257,
    "cora_gcn_12_166": 2.25410533,
    "cora_gcn_5_59": 2.21266818,
    "cora_gcn_6_73": 2.14982128,
    "cora_gcn_13_177": 2.1015327,
    "cora_gcn_10_131": 2.0
}