{
    "cora_tagcn_24_584": 118.83836713380954,
    "cora_tagcn_3_422": 2.6133635,
    "cora_tagcn_8_192": 2.2749413785714285
}