{
    "cora_graphsage_25_527": 118.83564109047613,
    "cora_graphsage_5_367": 2.613340296666667,
    "cora_graphsage_3_63": 2.1776624325,
    "cora_graphsage_4_124": 2.04284358,
    "cora_graphsage_2_360": 2.01267767
}