{
    "cora_tagcn_24_584": 167.49507421904764,
    "cora_tagcn_3_422": 0.478377104,
    "cora_tagcn_8_192": 0.25681204157142856
}