{
    "cora_gat_31_1426": 530.3240444749999,
    "cora_gat_31_1427": 131.98877,
    "cora_gat_28_1347": 126.58851621,
    "cora_gat_29_1371": 21.356866106,
    "cora_gat_25_1282": 13.251562523333334,
    "cora_gat_24_1257": 8.241233825,
    "cora_gat_26_1307": 6.851858965345456,
    "cora_gat_30_1400": 6.04040527,
    "cora_gat_17_379": 3.58333349,
    "cora_gat_30_1415": 3.482416913,
    "cora_gat_28_1364": 3.07714081,
    "cora_gat_26_1313": 2.4874350311045452,
    "cora_gat_29_1388": 2.29802704,
    "cora_gat_4_64": 2.167063,
    "cora_gat_29_665": 1.9082258802999998,
    "cora_gat_26_1298": 1.77454758,
    "cora_gat_11_223": 1.72477746,
    "cora_gat_20_445": 1.54869425,
    "cora_gat_25_1288": 1.43890381,
    "cora_gat_26_593": 1.3768704123333333,
    "cora_gat_10_919": 1.3605957,
    "cora_gat_21_1199": 1.3409271053333336,
    "cora_gat_28_1366": 1.30165148,
    "cora_gat_10_211": 1.21731317,
    "cora_gat_25_1287": 1.14419556,
    "cora_gat_31_1432": 1.0636316943333335,
    "cora_gat_14_1023": 1.01990652,
    "cora_gat_28_1365": 1.01697445,
    "cora_gat_29_1391": 0.9486869286583333,
    "cora_gat_20_1167": 0.928840637,
    "cora_gat_31_1439": 0.8816914939133333,
    "cora_gat_16_352": 0.74535501,
    "cora_gat_21_1191": 0.715118408,
    "cora_gat_28_1349": 0.691452384,
    "cora_gat_16_1078": 0.678878785,
    "cora_gat_19_1147": 0.6657569203333332,
    "cora_gat_19_1136": 0.54562947612,
    "cora_gat_22_489": 0.5348962016666666,
    "cora_gat_18_400": 0.499725342,
    "cora_gat_27_1341": 0.481445312,
    "cora_gat_31_1418": 0.451368809,
    "cora_gat_30_1397": 0.44170279833000003,
    "cora_gat_22_1222": 0.423321426,
    "cora_gat_28_635": 0.385337114,
    "cora_gat_15_325": 0.373675197,
    "cora_gat_31_1434": 0.285236542975,
    "cora_gat_5_90": 0.2551063445,
    "cora_gat_6_118": 0.254926682,
    "cora_gat_27_1336": 0.199153967225,
    "cora_gat_3_46": 0.1845881935,
    "cora_gat_22_1213": 0.15140907236666667,
    "cora_gat_30_693": 0.143361971,
    "cora_gat_3_745": 0.128492575925,
    "cora_gat_5_95": 0.125527129,
    "cora_gat_2_728": 0.12050606626,
    "cora_gat_19_412": 0.108715057,
    "cora_gat_30_680": 0.0912208557,
    "cora_gat_2_726": 0.0822023153,
    "cora_gat_18_396": 0.0718830414,
    "cora_gat_19_414": 0.06529012325,
    "cora_gat_23_1225": 0.0502214432,
    "cora_gat_2_733": 0.0387652516,
    "cora_gat_24_542": 0.0296438849,
    "cora_gat_2_7": 0.027850951966666666,
    "cora_gat_24_533": 0.0252728462,
    "cora_gat_2_732": 0.00927388668
}