{
    "cora_graphsage_25_527": 159.05868141904762,
    "cora_graphsage_5_367": 0.44384179533333334,
    "cora_graphsage_3_63": 0.156101953275,
    "cora_graphsage_2_360": 0.05503800135,
    "cora_graphsage_4_124": 0.0025032451399999997
}