{
    "cora_gcn_27_415": 167.131568867,
    "cora_gcn_26_393": 146.91433804489998,
    "cora_gcn_27_401": 64.19177307633333,
    "cora_gcn_31_467": 42.32808932349286,
    "cora_gcn_31_468": 17.878149119625,
    "cora_gcn_30_452": 7.58120728,
    "cora_gcn_28_416": 7.24618554,
    "cora_gcn_26_384": 7.160747045,
    "cora_gcn_7_90": 6.6949264233333325,
    "cora_gcn_10_143": 3.78723764,
    "cora_gcn_29_447": 3.4515599725999997,
    "cora_gcn_10_130": 2.837566465,
    "cora_gcn_9_122": 2.7246747,
    "cora_gcn_29_442": 2.70291972,
    "cora_gcn_14_200": 2.38788414,
    "cora_gcn_14_197": 2.32602507,
    "cora_gcn_30_453": 2.22160339,
    "cora_gcn_10_131": 2.16666675,
    "cora_gcn_9_113": 2.05792078,
    "cora_gcn_23_340": 2.0506328307125,
    "cora_gcn_19_276": 1.87838904,
    "cora_gcn_13_180": 1.82187915,
    "cora_gcn_10_136": 1.80276686,
    "cora_gcn_28_420": 1.7319698344999999,
    "cora_gcn_28_417": 1.71582031,
    "cora_gcn_12_163": 1.708225135,
    "cora_gcn_14_203": 1.6629164215,
    "cora_gcn_29_443": 1.6518914011571428,
    "cora_gcn_28_427": 1.6130364168,
    "cora_gcn_11_148": 1.58037901,
    "cora_gcn_8_97": 1.52339923,
    "cora_gcn_12_174": 1.5221654963333335,
    "cora_gcn_12_173": 1.45768046,
    "cora_gcn_16_236": 1.4326077700000002,
    "cora_gcn_23_342": 1.38816905,
    "cora_gcn_6_79": 1.37573171,
    "cora_gcn_4_42": 1.3661503185,
    "cora_gcn_28_422": 1.33333349,
    "cora_gcn_18_263": 1.26367188,
    "cora_gcn_22_321": 1.23045671,
    "cora_gcn_10_142": 1.1984623054999999,
    "cora_gcn_22_326": 1.18031728,
    "cora_gcn_27_412": 1.11566687,
    "cora_gcn_9_124": 1.068416,
    "cora_gcn_30_449": 1.059125544,
    "cora_gcn_24_356": 1.0559255479999998,
    "cora_gcn_18_262": 1.0196991,
    "cora_gcn_30_448": 0.921478271,
    "cora_gcn_25_369": 0.87631667545,
    "cora_gcn_26_389": 0.856304823,
    "cora_gcn_27_403": 0.8133422812,
    "cora_gcn_6_67": 0.788495659,
    "cora_gcn_31_469": 0.788117407,
    "cora_gcn_4_32": 0.760108469,
    "cora_gcn_12_161": 0.726829229,
    "cora_gcn_30_457": 0.7201250145,
    "cora_gcn_6_73": 0.712231815,
    "cora_gcn_7_86": 0.708501488,
    "cora_gcn_29_436": 0.679447174,
    "cora_gcn_31_471": 0.653739540025,
    "cora_gcn_6_75": 0.651920319,
    "cora_gcn_3_21": 0.648862183,
    "cora_gcn_22_327": 0.6469152865000001,
    "cora_gcn_28_423": 0.6468767312584849,
    "cora_gcn_6_72": 0.609310016,
    "cora_gcn_26_387": 0.588718414,
    "cora_gcn_13_177": 0.573501408,
    "cora_gcn_6_69": 0.5657302014000001,
    "cora_gcn_12_171": 0.5614916911899999,
    "cora_gcn_29_445": 0.556052029,
    "cora_gcn_5_57": 0.554681033,
    "cora_gcn_4_44": 0.5483759195,
    "cora_gcn_20_303": 0.5367262665,
    "cora_gcn_30_461": 0.517547607,
    "cora_gcn_11_147": 0.515936673,
    "cora_gcn_4_36": 0.514860443375,
    "cora_gcn_3_31": 0.5088245592142858,
    "cora_gcn_27_411": 0.4798943154066667,
    "cora_gcn_2_5": 0.44282922900000005,
    "cora_gcn_31_464": 0.424286118747619,
    "cora_gcn_6_78": 0.40107335633333335,
    "cora_gcn_8_105": 0.3983268735,
    "cora_gcn_26_391": 0.3907808195833333,
    "cora_gcn_30_450": 0.3903343000599999,
    "cora_gcn_23_345": 0.388301849,
    "cora_gcn_8_101": 0.38687879105,
    "cora_gcn_2_0": 0.3820335023333333,
    "cora_gcn_3_22": 0.38197600075000004,
    "cora_gcn_5_58": 0.380936358,
    "cora_gcn_5_48": 0.37890406025384615,
    "cora_gcn_3_20": 0.37873407022,
    "cora_gcn_2_14": 0.366900295,
    "cora_gcn_20_296": 0.358421803,
    "cora_gcn_25_375": 0.348311424,
    "cora_gcn_4_43": 0.339202616611111,
    "cora_gcn_5_60": 0.3287390845,
    "cora_gcn_16_237": 0.32139951,
    "cora_gcn_11_153": 0.3121494355,
    "cora_gcn_12_166": 0.306370437,
    "cora_gcn_22_322": 0.2925024775,
    "cora_gcn_30_463": 0.29206877804,
    "cora_gcn_4_34": 0.2900910914,
    "cora_gcn_3_19": 0.28985494233333337,
    "cora_gcn_2_1": 0.27194408968181816,
    "cora_gcn_2_2": 0.26965508009174993,
    "cora_gcn_3_30": 0.256346233,
    "cora_gcn_6_64": 0.256246477,
    "cora_gcn_5_63": 0.252536684,
    "cora_gcn_15_211": 0.250793457,
    "cora_gcn_3_17": 0.24519223328,
    "cora_gcn_4_45": 0.2417197975,
    "cora_gcn_7_81": 0.23985289507142854,
    "cora_gcn_2_11": 0.2368157845504166,
    "cora_gcn_28_430": 0.22825988385000004,
    "cora_gcn_2_7": 0.21452972946666668,
    "cora_gcn_4_33": 0.2124417324333333,
    "cora_gcn_9_120": 0.210272074,
    "cora_gcn_27_407": 0.209947601,
    "cora_gcn_22_331": 0.204790115,
    "cora_gcn_8_109": 0.18776343023333333,
    "cora_gcn_2_15": 0.18631450888647055,
    "cora_gcn_26_394": 0.180388272,
    "cora_gcn_3_27": 0.173011303,
    "cora_gcn_2_3": 0.1682782649315789,
    "cora_gcn_2_9": 0.16822646161,
    "cora_gcn_2_4": 0.15253796732900005,
    "cora_gcn_2_13": 0.1516048579230769,
    "cora_gcn_24_357": 0.1487336641,
    "cora_gcn_17_248": 0.1417253315,
    "cora_gcn_28_418": 0.13860959445,
    "cora_gcn_16_229": 0.13160469565,
    "cora_gcn_2_10": 0.12702442271428568,
    "cora_gcn_13_191": 0.12320854805,
    "cora_gcn_4_39": 0.121412709,
    "cora_gcn_22_324": 0.115675896,
    "cora_gcn_2_12": 0.09537630879444449,
    "cora_gcn_3_16": 0.08544458501454545,
    "cora_gcn_3_26": 0.07826650775714285,
    "cora_gcn_3_24": 0.07473497769999998,
    "cora_gcn_5_59": 0.06656583585,
    "cora_gcn_11_144": 0.062269888800000006,
    "cora_gcn_2_8": 0.0548136607,
    "cora_gcn_3_29": 0.04577729663333333,
    "cora_gcn_20_294": 0.0217950344
}