{
    "lastfm_tagcn_21_578": 561.1310880176923,
    "lastfm_tagcn_30_476": 418.0021428533333,
    "lastfm_tagcn_12_21": 311.75,
    "lastfm_tagcn_14_385": 226.011444,
    "lastfm_tagcn_16_508": 224.28480497933336,
    "lastfm_tagcn_31_418": 223.9267444904,
    "lastfm_tagcn_30_416": 221.35890695473685,
    "lastfm_tagcn_29_594": 211.63965362500002,
    "lastfm_tagcn_18_572": 176.5881544195238,
    "lastfm_tagcn_25_226": 171.2705675247059,
    "lastfm_tagcn_21_219": 121.95896027500002,
    "lastfm_tagcn_31_238": 117.19449848142858,
    "lastfm_tagcn_25_526": 115.6397463311111,
    "lastfm_tagcn_20_277": 115.02393937833334,
    "lastfm_tagcn_24_224": 111.611713159,
    "lastfm_tagcn_14_25": 107.8536186,
    "lastfm_tagcn_17_210": 103.3859281090909,
    "lastfm_tagcn_30_536": 99.10833896,
    "lastfm_tagcn_28_472": 98.43561857666664,
    "lastfm_tagcn_19_514": 96.56798273874999,
    "lastfm_tagcn_31_598": 93.94504195636368,
    "lastfm_tagcn_10_556": 92.60103115999999,
    "lastfm_tagcn_2_60": 91.4337997,
    "lastfm_tagcn_29_295": 90.3683458,
    "lastfm_tagcn_13_562": 89.74610560515153,
    "lastfm_tagcn_8_552": 88.36833415000001,
    "lastfm_tagcn_21_279": 87.6635112,
    "lastfm_tagcn_14_564": 86.94588577124999,
    "lastfm_tagcn_28_533": 84.43790919999999,
    "lastfm_tagcn_18_332": 84.05315656764708,
    "lastfm_tagcn_26_169": 83.81230104285714,
    "lastfm_tagcn_20_576": 81.926815845,
    "lastfm_tagcn_13_262": 80.94876992909091,
    "lastfm_tagcn_15_147": 77.82003785,
    "lastfm_tagcn_19_155": 76.70220950000001,
    "lastfm_tagcn_7_10": 72.949777377,
    "lastfm_tagcn_26_48": 70.21029494666666,
    "lastfm_tagcn_10_76": 67.30619718916667,
    "lastfm_tagcn_25_286": 67.002548995,
    "lastfm_tagcn_31_419": 66.03587196833334,
    "lastfm_tagcn_29_115": 62.563679654166684,
    "lastfm_tagcn_7_70": 62.16824329833333,
    "lastfm_tagcn_23_283": 61.890034985,
    "lastfm_tagcn_18_33": 60.063398666,
    "lastfm_tagcn_22_101": 58.61316431857142,
    "lastfm_tagcn_10_136": 57.8211861,
    "lastfm_tagcn_11_498": 57.572573809999994,
    "lastfm_tagcn_13_502": 57.550724945714286,
    "lastfm_tagcn_9_194": 56.754797132,
    "lastfm_tagcn_23_463": 56.72934850000001,
    "lastfm_tagcn_22_41": 56.364762525555555,
    "lastfm_tagcn_7_71": 56.036972,
    "lastfm_tagcn_29_414": 54.59486007000001,
    "lastfm_tagcn_31_118": 54.42324698615385,
    "lastfm_tagcn_9_434": 53.6438942,
    "lastfm_tagcn_4_64": 52.92724986416667,
    "lastfm_tagcn_29_534": 52.564738631999994,
    "lastfm_tagcn_16_209": 52.44734385,
    "lastfm_tagcn_20_156": 52.40137007933334,
    "lastfm_tagcn_28_53": 52.308171065,
    "lastfm_tagcn_6_68": 51.0200768425,
    "lastfm_tagcn_28_412": 50.490119666,
    "lastfm_tagcn_31_58": 50.29552324909091,
    "lastfm_tagcn_13_23": 50.17873772818182,
    "lastfm_tagcn_31_179": 50.1274323,
    "lastfm_tagcn_2_240": 49.396534,
    "lastfm_tagcn_24_285": 49.0877838,
    "lastfm_tagcn_11_559": 48.97064744,
    "lastfm_tagcn_24_344": 48.053627203,
    "lastfm_tagcn_27_290": 47.985822352,
    "lastfm_tagcn_22_340": 47.71484588083333,
    "lastfm_tagcn_25_47": 46.6342295375,
    "lastfm_tagcn_27_530": 46.53132581666667,
    "lastfm_tagcn_22_220": 45.910109328947364,
    "lastfm_tagcn_22_280": 45.7274820675,
    "lastfm_tagcn_23_43": 45.4699402,
    "lastfm_tagcn_14_324": 45.142511524,
    "lastfm_tagcn_12_20": 45.11690749000001,
    "lastfm_tagcn_25_106": 44.444511337142856,
    "lastfm_tagcn_22_160": 44.253152058,
    "lastfm_tagcn_7_490": 43.92856766799999,
    "lastfm_tagcn_25_46": 43.1490947745,
    "lastfm_tagcn_27_111": 42.924906488000005,
    "lastfm_tagcn_15_386": 42.053486508999995,
    "lastfm_tagcn_3_62": 41.953170557499995,
    "lastfm_tagcn_17_30": 41.196784185714286,
    "lastfm_tagcn_24_45": 40.653346492857146,
    "lastfm_tagcn_25_167": 40.57981856666667,
    "lastfm_tagcn_9_15": 40.534958386363634,
    "lastfm_tagcn_27_110": 40.527219589999994,
    "lastfm_tagcn_27_471": 40.325913084999996,
    "lastfm_tagcn_27_590": 40.307756188000006,
    "lastfm_tagcn_5_427": 39.3893986,
    "lastfm_tagcn_23_103": 39.275314373157904,
    "lastfm_tagcn_25_586": 38.927306665,
    "lastfm_tagcn_30_116": 38.156503035,
    "lastfm_tagcn_30_117": 37.8365965,
    "lastfm_tagcn_28_113": 37.79020032555556,
    "lastfm_tagcn_13_82": 36.666039801249994,
    "lastfm_tagcn_24_584": 36.658918259000004,
    "lastfm_tagcn_7_550": 36.371598015000004,
    "lastfm_tagcn_27_410": 35.82256543157896,
    "lastfm_tagcn_21_39": 35.759047564166664,
    "lastfm_tagcn_8_12": 35.614998872142856,
    "lastfm_tagcn_27_470": 35.456124104,
    "lastfm_tagcn_18_92": 35.16770446615384,
    "lastfm_tagcn_21_158": 34.485408029999995,
    "lastfm_tagcn_25_346": 34.43681651266666,
    "lastfm_tagcn_23_462": 34.42612239125,
    "lastfm_tagcn_13_442": 33.75560883,
    "lastfm_tagcn_20_96": 33.67157481,
    "lastfm_tagcn_30_537": 33.456528893333335,
    "lastfm_tagcn_5_426": 33.265066807272724,
    "lastfm_tagcn_16_568": 33.25357615666667,
    "lastfm_tagcn_9_374": 33.17504519461538,
    "lastfm_tagcn_26_468": 32.972245873000006,
    "lastfm_tagcn_6_488": 32.789033745,
    "lastfm_tagcn_11_318": 31.906187151111105,
    "lastfm_tagcn_21_99": 31.552874197692308,
    "lastfm_tagcn_31_539": 30.6434631,
    "lastfm_tagcn_14_85": 30.574472399999998,
    "lastfm_tagcn_24_105": 30.334578559,
    "lastfm_tagcn_15_146": 30.233271744,
    "lastfm_tagcn_16_328": 30.201423830000003,
    "lastfm_tagcn_25_407": 30.109806050000003,
    "lastfm_tagcn_21_38": 29.93349695,
    "lastfm_tagcn_19_35": 29.298060222500002,
    "lastfm_tagcn_7_250": 28.59881409,
    "lastfm_tagcn_20_36": 28.339285847777777,
    "lastfm_tagcn_9_494": 28.080648426,
    "lastfm_tagcn_24_165": 27.7745306590909,
    "lastfm_tagcn_17_271": 27.6473503,
    "lastfm_tagcn_20_276": 27.62373004,
    "lastfm_tagcn_27_230": 27.52509123285714,
    "lastfm_tagcn_26_289": 27.419381398666665,
    "lastfm_tagcn_11_78": 27.28532552818182,
    "lastfm_tagcn_3_182": 27.28125300272727,
    "lastfm_tagcn_31_178": 26.88877290375,
    "lastfm_tagcn_17_150": 26.725623533000004,
    "lastfm_tagcn_8_492": 26.6402526752381,
    "lastfm_tagcn_5_126": 26.633441054444447,
    "lastfm_tagcn_10_496": 26.398067725333338,
    "lastfm_tagcn_18_32": 26.30448814958334,
    "lastfm_tagcn_27_50": 26.230067346315792,
    "lastfm_tagcn_22_520": 26.099561810000008,
    "lastfm_tagcn_29_294": 25.9888657325,
    "lastfm_tagcn_24_44": 25.634017012380955,
    "lastfm_tagcn_29_55": 25.46373950533333,
    "lastfm_tagcn_16_28": 25.412016290000004,
    "lastfm_tagcn_2_180": 25.204694612857143,
    "lastfm_tagcn_7_11": 24.897991382500003,
    "lastfm_tagcn_10_16": 24.748386631666666,
    "lastfm_tagcn_17_510": 24.730395757142855,
    "lastfm_tagcn_20_456": 24.47097601571429,
    "lastfm_tagcn_6_8": 24.39369139913043,
    "lastfm_tagcn_22_100": 24.277310553333336,
    "lastfm_tagcn_28_293": 23.6975174,
    "lastfm_tagcn_29_474": 23.642058212000002,
    "lastfm_tagcn_13_563": 23.64114082571428,
    "lastfm_tagcn_24_524": 23.354971166,
    "lastfm_tagcn_3_422": 23.081872245714287,
    "lastfm_tagcn_12_380": 22.983947045,
    "lastfm_tagcn_18_392": 22.631561267368426,
    "lastfm_tagcn_14_24": 22.572682609375,
    "lastfm_tagcn_29_234": 22.569861399999997,
    "lastfm_tagcn_19_334": 22.373865771000002,
    "lastfm_tagcn_17_570": 22.3567566725,
    "lastfm_tagcn_6_308": 22.242991383333333,
    "lastfm_tagcn_16_388": 21.99747212,
    "lastfm_tagcn_28_593": 21.9429569,
    "lastfm_tagcn_19_394": 21.821968541,
    "lastfm_tagcn_5_486": 21.799738351666665,
    "lastfm_tagcn_29_354": 21.7723713,
    "lastfm_tagcn_14_264": 21.7398319925,
    "lastfm_tagcn_9_314": 21.66809979888889,
    "lastfm_tagcn_12_140": 21.633850036,
    "lastfm_tagcn_21_518": 21.630403851999997,
    "lastfm_tagcn_9_74": 21.451004512727273,
    "lastfm_tagcn_27_350": 21.395346316250002,
    "lastfm_tagcn_3_2": 21.227461685333335,
    "lastfm_tagcn_12_500": 21.112769611,
    "lastfm_tagcn_22_40": 21.11219777230769,