{
    "lastfm_gcn_25_372": 602.0589869103101,
    "lastfm_gcn_30_454": 156.290382414875,
    "lastfm_gcn_24_356": 27.59431832035833,
    "lastfm_gcn_26_388": 27.136015392,
    "lastfm_gcn_19_272": 18.847611659475003,
    "lastfm_gcn_29_432": 13.51474,
    "lastfm_gcn_28_416": 9.851349092,
    "lastfm_gcn_18_256": 9.76805115,
    "lastfm_gcn_27_400": 8.785610817350001,
    "lastfm_gcn_20_290": 8.681700088987501,
    "lastfm_gcn_5_55": 8.10100365,
    "lastfm_gcn_15_211": 7.59187889,
    "lastfm_gcn_29_436": 7.438360305,
    "lastfm_gcn_30_460": 7.24116087,
    "lastfm_gcn_13_182": 6.354220765,
    "lastfm_gcn_30_448": 5.80952358,
    "lastfm_gcn_21_306": 5.7076416,
    "lastfm_gcn_24_358": 5.567184434,
    "lastfm_gcn_11_145": 5.47044563,
    "lastfm_gcn_14_196": 5.077307966,
    "lastfm_gcn_17_248": 4.95988464,
    "lastfm_gcn_22_324": 4.913826765,
    "lastfm_gcn_13_184": 4.59878635,
    "lastfm_gcn_21_313": 4.4952093538,
    "lastfm_gcn_13_181": 4.402309843,
    "lastfm_gcn_30_450": 4.298276185,
    "lastfm_gcn_9_123": 4.29813004,
    "lastfm_gcn_19_274": 4.296175606818181,
    "lastfm_gcn_10_130": 4.088389384,
    "lastfm_gcn_8_108": 4.038648246625,
    "lastfm_gcn_8_106": 3.9657078975,
    "lastfm_gcn_9_120": 3.913576228666667,
    "lastfm_gcn_28_429": 3.8863382523999994,
    "lastfm_gcn_6_73": 3.84893036,
    "lastfm_gcn_10_138": 3.80816317,
    "lastfm_gcn_8_98": 3.76050425,
    "lastfm_gcn_11_148": 3.6795702,
    "lastfm_gcn_15_220": 3.60661411,
    "lastfm_gcn_20_300": 3.5887873185,
    "lastfm_gcn_19_278": 3.5144110274000004,
    "lastfm_gcn_21_304": 3.4525804520000007,
    "lastfm_gcn_10_134": 3.2711862299999996,
    "lastfm_gcn_20_299": 3.2564943905000003,
    "lastfm_gcn_12_162": 3.24750733,
    "lastfm_gcn_31_473": 3.12977418895,
    "lastfm_gcn_29_444": 2.96792936,
    "lastfm_gcn_27_408": 2.85858107,
    "lastfm_gcn_19_283": 2.818055539055555,
    "lastfm_gcn_23_344": 2.808508815,
    "lastfm_gcn_22_326": 2.7984174558,
    "lastfm_gcn_10_139": 2.7196611455,
    "lastfm_gcn_25_375": 2.7082562434999997,
    "lastfm_gcn_22_330": 2.68988252,
    "lastfm_gcn_8_107": 2.54925489,
    "lastfm_gcn_31_468": 2.4847445686666667,
    "lastfm_gcn_18_268": 2.3501428349999998,
    "lastfm_gcn_4_42": 2.312967137,
    "lastfm_gcn_26_396": 2.22404075,
    "lastfm_gcn_9_112": 2.2184575007928573,
    "lastfm_gcn_11_157": 2.1751257563333333,
    "lastfm_gcn_17_254": 2.15702641075,
    "lastfm_gcn_29_438": 2.109451097,
    "lastfm_gcn_26_399": 1.9713106792500001,
    "lastfm_gcn_21_318": 1.9122138,
    "lastfm_gcn_14_205": 1.8816143365714282,
    "lastfm_gcn_7_82": 1.8631426350000002,
    "lastfm_gcn_4_38": 1.8353385966249998,
    "lastfm_gcn_12_173": 1.829400198,
    "lastfm_gcn_26_387": 1.8163871870000001,
    "lastfm_gcn_23_351": 1.8163671083333333,
    "lastfm_gcn_27_406": 1.810852945,
    "lastfm_gcn_18_261": 1.7936635269999999,
    "lastfm_gcn_29_437": 1.7876110238333334,
    "lastfm_gcn_5_60": 1.7300879415555555,
    "lastfm_gcn_28_423": 1.7281535871333333,
    "lastfm_gcn_7_88": 1.696416827,
    "lastfm_gcn_28_418": 1.69370117925,
    "lastfm_gcn_25_383": 1.6528558086666667,
    "lastfm_gcn_11_152": 1.62592506,
    "lastfm_gcn_4_36": 1.6187425715000001,
    "lastfm_gcn_9_114": 1.6117256224999998,
    "lastfm_gcn_22_322": 1.6098432555,
    "lastfm_gcn_16_224": 1.57836878,
    "lastfm_gcn_4_41": 1.57537222,
    "lastfm_gcn_6_77": 1.5698721107500002,
    "lastfm_gcn_14_201": 1.5455942954444444,
    "lastfm_gcn_5_50": 1.530741455,
    "lastfm_gcn_25_377": 1.521716117,
    "lastfm_gcn_8_96": 1.5155011284117648,
    "lastfm_gcn_16_230": 1.4879481812500002,
    "lastfm_gcn_22_323": 1.4826722005,
    "lastfm_gcn_30_457": 1.4645418333333333,
    "lastfm_gcn_31_466": 1.42142117,
    "lastfm_gcn_4_46": 1.4155313382176469,
    "lastfm_gcn_17_243": 1.3938841302142855,
    "lastfm_gcn_23_347": 1.3804589015,
    "lastfm_gcn_8_101": 1.3774431948,
    "lastfm_gcn_5_56": 1.375800358666667,
    "lastfm_gcn_9_115": 1.3754197068000003,
    "lastfm_gcn_19_284": 1.3673028946666668,
    "lastfm_gcn_30_461": 1.3596432887142857,
    "lastfm_gcn_3_18": 1.3593150432857146,
    "lastfm_gcn_13_180": 1.3527931933454544,
    "lastfm_gcn_2_6": 1.3510194790833332,
    "lastfm_gcn_21_307": 1.3486459722000004,
    "lastfm_gcn_18_271": 1.3450366720599998,
    "lastfm_gcn_26_384": 1.3313638373333332,
    "lastfm_gcn_16_238": 1.31350231,
    "lastfm_gcn_20_289": 1.2942831642222226,
    "lastfm_gcn_21_315": 1.28977501,
    "lastfm_gcn_28_425": 1.2895372712,
    "lastfm_gcn_8_100": 1.2877178595555554,
    "lastfm_gcn_21_309": 1.2769870475,
    "lastfm_gcn_16_239": 1.2760189231428571,
    "lastfm_gcn_22_335": 1.2741078293333332,
    "lastfm_gcn_4_34": 1.264981041931579,
    "lastfm_gcn_11_151": 1.2646164998555554,
    "lastfm_gcn_9_117": 1.2632693433333335,
    "lastfm_gcn_20_293": 1.2597728016666665,
    "lastfm_gcn_12_169": 1.256628184625,
    "lastfm_gcn_3_28": 1.2267642206666667,
    "lastfm_gcn_29_447": 1.2240580184999996,
    "lastfm_gcn_16_227": 1.2002705901666666,
    "lastfm_gcn_22_331": 1.1954598277500001,
    "lastfm_gcn_16_233": 1.1881401605,
    "lastfm_gcn_11_159": 1.1819542468000002,
    "lastfm_gcn_22_332": 1.16987336,
    "lastfm_gcn_26_395": 1.166876565285714,
    "lastfm_gcn_5_53": 1.16447282,
    "lastfm_gcn_6_65": 1.156708883,
    "lastfm_gcn_18_259": 1.1075344857714284,
    "lastfm_gcn_27_404": 1.088808446375,
    "lastfm_gcn_2_14": 1.0884546951117648,
    "lastfm_gcn_10_133": 1.0869733842799998,
    "lastfm_gcn_4_44": 1.084146324538889,
    "lastfm_gcn_2_12": 1.0788420107999999,
    "lastfm_gcn_20_301": 1.0699521600000002,
    "lastfm_gcn_27_409": 1.06523014525,
    "lastfm_gcn_6_69": 1.056967241,
    "lastfm_gcn_2_15": 1.0551939220000002,
    "lastfm_gcn_2_10": 1.0526580338571427,
    "lastfm_gcn_16_237": 1.0448155736363636,
    "lastfm_gcn_24_360": 1.0434594563333335,
    "lastfm_gcn_9_116": 1.03480564125,
    "lastfm_gcn_25_373": 1.02698512375,
    "lastfm_gcn_30_463": 1.0177169149625,
    "lastfm_gcn_7_83": 1.009314091,
    "lastfm_gcn_26_390": 1.00601077,
    "lastfm_gcn_29_445": 1.0059867191699998,
    "lastfm_gcn_23_349": 1.0022519926000002,
    "lastfm_gcn_8_99": 1.0021900442357143,
    "lastfm_gcn_27_415": 0.9994316772999999,
    "lastfm_gcn_9_118": 0.9960089035999999,
    "lastfm_gcn_4_40": 0.9936937576000002,
    "lastfm_gcn_6_76": 0.9818852845000001,
    "lastfm_gcn_15_213": 0.980177684,
    "lastfm_gcn_10_135": 0.9774824726666668,
    "lastfm_gcn_10_143": 0.9766527946666668,
    "lastfm_gcn_20_291": 0.9751489968142858,
    "lastfm_gcn_13_188": 0.9710061186666668,
    "lastfm_gcn_14_195": 0.967522118425,
    "lastfm_gcn_22_325": 0.9646004028181818,
    "lastfm_gcn_17_255": 0.9598205056666664,
    "lastfm_gcn_16_229": 0.9577528169999997,
    "lastfm_gcn_8_110": 0.957475751888889,
    "lastfm_gcn_13_189": 0.9435268055,
    "lastfm_gcn_5_48": 0.9270846891583332,
    "lastfm_gcn_5_52": 0.92620098666,
    "lastfm_gcn_12_175": 0.9237294806666666,
    "lastfm_gcn_18_263": 0.9230034635,
    "lastfm_gcn_14_207": 0.9219167830000004,
    "lastfm_gcn_21_317": 0.91794829795,
    "lastfm_gcn_8_105": 0.909148761846154,
    "lastfm_gcn_6_78": 0.90671937925,
    "lastfm_gcn_23_341": 0.9058654127142859,
    "lastfm_gcn_16_235": 0.8923912056666666,
    "lastfm_gcn_21_311": 0.88924838946,
    "lastfm_gcn_11_150": 0.88840778875,
    "lastfm_gcn_22_329": 0.8815814194349999,
    "lastfm_gcn_15_214": 0.874184728,
    "lastfm_gcn_11_156": 0.8733577355,
    "lastfm_gcn_3_21": 0.871160656,
    "lastfm_gcn_5_57": 0.8704342543333334,
    "lastfm_gcn_31_479": 0.8686875105714286,
    "lastfm_gcn_7_92": 0.8663334254999999,
    "lastfm_gcn_10_129": 0.8633939438333332,
    "lastfm_gcn_10_136": 0.854700804,
    "lastfm_gcn_15_217": 0.8522852179999999,
    "lastfm_gcn_20_295": 0.8425611030863638,
    "lastfm_gcn_7_84": 0.8369773245,
    "lastfm_gcn_11_147": 0.8367464880000001,
    "lastfm_gcn_29_443": 0.8360586036153848,
    "lastfm_gcn_17_245": 0.8311825614999999,