{
    "lastfm_gcn_29_432": 563.886475,
    "lastfm_gcn_25_372": 523.5085379899999,
    "lastfm_gcn_13_182": 473.047743385,
    "lastfm_gcn_29_436": 456.25848160000004,
    "lastfm_gcn_21_306": 437.010742,
    "lastfm_gcn_19_272": 430.69461079999996,
    "lastfm_gcn_18_256": 387.84021,
    "lastfm_gcn_30_454": 375.54366527499997,
    "lastfm_gcn_26_388": 342.1714536933333,
    "lastfm_gcn_28_416": 339.113121875,
    "lastfm_gcn_10_130": 320.509014,
    "lastfm_gcn_20_290": 245.48220447499997,
    "lastfm_gcn_24_358": 237.67227629999996,
    "lastfm_gcn_19_274": 237.08271048272726,
    "lastfm_gcn_27_400": 235.8363994853572,
    "lastfm_gcn_14_196": 211.07703621666667,
    "lastfm_gcn_22_324": 194.19298594,
    "lastfm_gcn_17_254": 172.3368311575,
    "lastfm_gcn_13_180": 157.10081717272726,
    "lastfm_gcn_19_278": 152.810248866,
    "lastfm_gcn_24_356": 146.89667255833334,
    "lastfm_gcn_21_304": 146.36360002333333,
    "lastfm_gcn_9_112": 143.68607607571428,
    "lastfm_gcn_7_82": 135.43874899166667,
    "lastfm_gcn_10_138": 123.969749,
    "lastfm_gcn_28_429": 122.57255232200002,
    "lastfm_gcn_29_438": 117.16046232000001,
    "lastfm_gcn_5_55": 117.025696,
    "lastfm_gcn_12_170": 106.59036615,
    "lastfm_gcn_30_451": 102.980507,
    "lastfm_gcn_10_132": 102.8138678857143,
    "lastfm_gcn_31_468": 101.78159266333334,
    "lastfm_gcn_16_232": 98.88976295,
    "lastfm_gcn_11_154": 94.25351193333334,
    "lastfm_gcn_23_338": 94.0764542,
    "lastfm_gcn_23_350": 93.43813325,
    "lastfm_gcn_29_434": 93.09707925000001,
    "lastfm_gcn_19_282": 91.612751,
    "lastfm_gcn_17_244": 91.33625128000001,
    "lastfm_gcn_14_204": 88.34490814,
    "lastfm_gcn_31_473": 88.04629252000002,
    "lastfm_gcn_13_188": 81.12832886666666,
    "lastfm_gcn_25_374": 79.87626424,
    "lastfm_gcn_29_433": 78.93585437375,
    "lastfm_gcn_24_360": 78.80766516,
    "lastfm_gcn_12_167": 77.2476654,
    "lastfm_gcn_28_418": 75.468757615,
    "lastfm_gcn_7_84": 73.33833436750001,
    "lastfm_gcn_5_59": 71.64146995,
    "lastfm_gcn_21_313": 68.24020277,
    "lastfm_gcn_3_26": 68.09413046428571,
    "lastfm_gcn_31_475": 68.04519725222222,
    "lastfm_gcn_11_153": 65.16009509,
    "lastfm_gcn_5_60": 63.9632602211111,
    "lastfm_gcn_2_15": 62.71167120000001,
    "lastfm_gcn_3_21": 62.1075363,
    "lastfm_gcn_8_108": 61.35579744500001,
    "lastfm_gcn_4_41": 61.2366524,
    "lastfm_gcn_7_81": 60.681259434999994,
    "lastfm_gcn_29_435": 60.625086950000004,
    "lastfm_gcn_29_437": 60.19165451999999,
    "lastfm_gcn_16_233": 59.76552202083332,
    "lastfm_gcn_19_277": 59.14494829600001,
    "lastfm_gcn_28_423": 57.28518987466666,
    "lastfm_gcn_22_328": 56.449639976,
    "lastfm_gcn_10_133": 55.683480452000005,
    "lastfm_gcn_17_243": 55.201600035714286,
    "lastfm_gcn_26_384": 54.885053000000006,
    "lastfm_gcn_8_96": 53.566090839411764,
    "lastfm_gcn_31_469": 53.5137623125,
    "lastfm_gcn_10_140": 52.790006355,
    "lastfm_gcn_12_161": 51.75800280333334,
    "lastfm_gcn_14_195": 51.7156908475,
    "lastfm_gcn_18_261": 50.96000887500001,
    "lastfm_gcn_3_16": 50.9160407675,
    "lastfm_gcn_27_413": 50.13768571799999,
    "lastfm_gcn_11_159": 48.890719774000004,
    "lastfm_gcn_25_373": 48.66732407000001,
    "lastfm_gcn_22_323": 48.09648324249999,
    "lastfm_gcn_3_20": 47.9721106,
    "lastfm_gcn_12_164": 47.352940627500004,
    "lastfm_gcn_28_431": 46.37917568727273,
    "lastfm_gcn_4_39": 46.21203740000001,
    "lastfm_gcn_15_223": 45.837111274,
    "lastfm_gcn_2_12": 45.745216731999996,
    "lastfm_gcn_12_174": 44.54269863,
    "lastfm_gcn_12_169": 44.50393368375,
    "lastfm_gcn_24_354": 44.458215020000004,
    "lastfm_gcn_4_45": 44.40415,
    "lastfm_gcn_9_114": 43.466840145,
    "lastfm_gcn_17_241": 43.40900295285714,
    "lastfm_gcn_6_65": 43.40163855200001,
    "lastfm_gcn_15_213": 42.911322245,
    "lastfm_gcn_20_299": 42.46403025,
    "lastfm_gcn_27_415": 42.042513009000004,
    "lastfm_gcn_10_135": 41.80929249666667,
    "lastfm_gcn_21_305": 41.208552899090904,
    "lastfm_gcn_14_201": 41.16772551555555,
    "lastfm_gcn_30_449": 41.04123795062499,
    "lastfm_gcn_10_134": 40.820773145,
    "lastfm_gcn_14_203": 40.782387076666666,
    "lastfm_gcn_2_14": 40.736955519411765,
    "lastfm_gcn_4_44": 40.71815181111111,
    "lastfm_gcn_18_257": 40.2157993,
    "lastfm_gcn_8_97": 38.480899615000006,
    "lastfm_gcn_20_295": 37.45044297409092,
    "lastfm_gcn_22_333": 37.041041297499994,
    "lastfm_gcn_26_389": 37.03510103,
    "lastfm_gcn_7_93": 36.667941660000004,
    "lastfm_gcn_4_42": 36.609801978888896,
    "lastfm_gcn_26_395": 36.24506473142857,
    "lastfm_gcn_3_28": 35.86743007333333,
    "lastfm_gcn_6_77": 35.62993656964286,
    "lastfm_gcn_6_69": 35.516871925000004,
    "lastfm_gcn_16_235": 35.120015593333335,
    "lastfm_gcn_14_193": 35.084526191818185,
    "lastfm_gcn_13_181": 35.06406974666667,
    "lastfm_gcn_19_275": 34.984358875000005,
    "lastfm_gcn_6_70": 34.290999495,
    "lastfm_gcn_4_46": 34.08724519647059,
    "lastfm_gcn_29_439": 33.955490106999996,
    "lastfm_gcn_14_207": 33.787563332999994,
    "lastfm_gcn_10_139": 33.527747625,
    "lastfm_gcn_27_404": 33.4190270875,
    "lastfm_gcn_29_445": 33.223012742,
    "lastfm_gcn_22_331": 33.131249665,
    "lastfm_gcn_23_340": 32.8076995425,
    "lastfm_gcn_10_129": 32.634844785000006,
    "lastfm_gcn_16_229": 31.355031266842108,
    "lastfm_gcn_2_4": 31.180371843076923,
    "lastfm_gcn_4_38": 30.48352485375,
    "lastfm_gcn_22_335": 30.464392013333335,
    "lastfm_gcn_16_239": 30.215615038571432,
    "lastfm_gcn_2_6": 30.092973447500004,
    "lastfm_gcn_19_287": 28.857214296666665,
    "lastfm_gcn_11_150": 28.6860915125,
    "lastfm_gcn_2_9": 28.613694067500003,
    "lastfm_gcn_10_143": 27.65928607888889,
    "lastfm_gcn_19_283": 27.567766586666668,
    "lastfm_gcn_23_339": 27.3364993475,
    "lastfm_gcn_5_49": 27.2762149,
    "lastfm_gcn_9_118": 26.771759422000002,
    "lastfm_gcn_9_116": 26.75331431,
    "lastfm_gcn_2_10": 26.692855620714283,
    "lastfm_gcn_12_173": 26.651227472,
    "lastfm_gcn_17_255": 26.639998510833333,
    "lastfm_gcn_16_231": 26.51516485,
    "lastfm_gcn_9_113": 26.0271683,
    "lastfm_gcn_30_461": 25.36527439714286,
    "lastfm_gcn_24_353": 25.188042875,
    "lastfm_gcn_5_56": 25.18499257166667,
    "lastfm_gcn_26_399": 25.101120465000005,
    "lastfm_gcn_11_151": 24.41734470833333,
    "lastfm_gcn_5_52": 24.318273444,
    "lastfm_gcn_3_18": 23.886210380714285,
    "lastfm_gcn_24_359": 23.31799646846154,
    "lastfm_gcn_7_95": 23.063749536666666,
    "lastfm_gcn_12_162": 23.0119514,
    "lastfm_gcn_4_32": 22.947590623571433,
    "lastfm_gcn_22_322": 22.8413887,
    "lastfm_gcn_2_0": 22.83757787,
    "lastfm_gcn_7_87": 22.755577345714283,
    "lastfm_gcn_16_225": 22.73687331846154,
    "lastfm_gcn_26_391": 22.5535294175,
    "lastfm_gcn_27_405": 22.51170839785714,
    "lastfm_gcn_8_101": 22.327101253000002,
    "lastfm_gcn_30_453": 22.086882625,
    "lastfm_gcn_8_111": 21.7183447,
    "lastfm_gcn_20_291": 21.293252195714285,
    "lastfm_gcn_8_99": 21.20602958214286,
    "lastfm_gcn_23_345": 20.301300068750002,
    "lastfm_gcn_27_409": 19.983235020000002,
    "lastfm_gcn_16_230": 19.7722198325,
    "lastfm_gcn_15_209": 19.758966735,
    "lastfm_gcn_23_341": 19.618431430000005,
    "lastfm_gcn_29_441": 19.502603815,
    "lastfm_gcn_27_401": 19.34340859,
    "lastfm_gcn_5_57": 19.21090285,
    "lastfm_gcn_31_479": 19.190396448571427,
    "lastfm_gcn_7_85": 19.0755501,
    "lastfm_gcn_15_211": 19.0030403,
    "lastfm_gcn_21_312": 18.7560005,
    "lastfm_gcn_11_152": 18.5222683,
    "lastfm_gcn_22_325": 18.397212463636365,
    "lastfm_gcn_14_205": 18.280790842857144,
    "lastfm_gcn_20_297": 18.06834559857143,
    "lastfm_gcn_16_227": 17.89520458,
    "lastfm_gcn_28_421": 17.842866295,
    "lastfm_gcn_30_463": 17.745339709374996,
    "lastfm_gcn_15_215": 17.65219978578947,
    "lastfm_gcn_4_34": 17.578215475263153,
    "lastfm_gcn_6_71": 17.441645644999998,