{
    "lastfm_gat_22_1211": 936.3929347633751,
    "lastfm_gat_26_1301": 438.57418825,
    "lastfm_gat_28_1349": 107.62931433333334,
    "lastfm_gat_31_1424": 81.94415003114285,
    "lastfm_gat_23_1228": 32.13932039714285,
    "lastfm_gat_30_1403": 26.576508090919997,
    "lastfm_gat_31_1425": 20.92506503825,
    "lastfm_gat_18_1115": 15.63516238,
    "lastfm_gat_21_1186": 12.969918569999999,
    "lastfm_gat_28_1354": 11.6245117,
    "lastfm_gat_7_143": 10.514286,
    "lastfm_gat_31_1418": 9.3917985,
    "lastfm_gat_22_1223": 8.993152611500001,
    "lastfm_gat_29_662": 7.621368884999999,
    "lastfm_gat_28_1353": 7.561785740083333,
    "lastfm_gat_22_481": 7.40841675,
    "lastfm_gat_29_1373": 7.325914318500001,
    "lastfm_gat_30_1394": 7.1317749,
    "lastfm_gat_24_1251": 6.70922852,
    "lastfm_gat_26_1299": 6.63085938,
    "lastfm_gat_31_1426": 5.69137573,
    "lastfm_gat_21_475": 5.63468742,
    "lastfm_gat_12_960": 5.37911224,
    "lastfm_gat_7_140": 5.29456997,
    "lastfm_gat_29_648": 5.090519905,
    "lastfm_gat_10_916": 5.01510763,
    "lastfm_gat_16_1060": 4.9471683405,
    "lastfm_gat_31_1439": 4.79348755,
    "lastfm_gat_2_22": 4.57461047,
    "lastfm_gat_13_988": 4.54202652,
    "lastfm_gat_26_1303": 4.313072203333333,
    "lastfm_gat_15_1050": 4.22034979,
    "lastfm_gat_24_1256": 4.1475196004,
    "lastfm_gat_22_1203": 4.11365509,
    "lastfm_gat_17_1080": 4.029221655,
    "lastfm_gat_27_1342": 3.78277659,
    "lastfm_gat_13_272": 3.76074839,
    "lastfm_gat_14_1021": 3.7602675,
    "lastfm_gat_10_206": 3.70670128,
    "lastfm_gat_11_216": 3.58333349,
    "lastfm_gat_4_52": 3.56517863,
    "lastfm_gat_18_1116": 3.34916162,
    "lastfm_gat_23_1243": 3.3410154999999997,
    "lastfm_gat_22_1207": 3.31012893,
    "lastfm_gat_18_389": 3.3040247,
    "lastfm_gat_31_697": 3.2762097343333334,
    "lastfm_gat_23_1224": 3.17262077,
    "lastfm_gat_10_213": 3.02976179,
    "lastfm_gat_16_1059": 2.96584249,
    "lastfm_gat_11_954": 2.905809102,
    "lastfm_gat_15_1048": 2.8224349,
    "lastfm_gat_28_624": 2.798158825,
    "lastfm_gat_17_1098": 2.7726122133333337,
    "lastfm_gat_20_438": 2.70264292,
    "lastfm_gat_8_164": 2.59366322,
    "lastfm_gat_2_17": 2.55954885,
    "lastfm_gat_27_600": 2.47213149,
    "lastfm_gat_24_1259": 2.42769122,
    "lastfm_gat_13_285": 2.40173793,
    "lastfm_gat_11_223": 2.3496935504000005,
    "lastfm_gat_2_2": 2.3320397959999997,
    "lastfm_gat_5_73": 2.32232022,
    "lastfm_gat_22_1206": 2.2580676835333335,
    "lastfm_gat_11_233": 2.16666675,
    "lastfm_gat_10_210": 2.16666675,
    "lastfm_gat_22_487": 2.12821555,
    "lastfm_gat_17_1082": 2.1027030954,
    "lastfm_gat_16_348": 2.1004416414000002,
    "lastfm_gat_6_110": 2.098362625,
    "lastfm_gat_31_704": 2.09605742,
    "lastfm_gat_30_685": 2.00968635,
    "lastfm_gat_28_1355": 1.98702097,
    "lastfm_gat_24_1265": 1.979200605,
    "lastfm_gat_30_1395": 1.9722008178749997,
    "lastfm_gat_7_138": 1.93341589,
    "lastfm_gat_15_1045": 1.93090653,
    "lastfm_gat_7_121": 1.8906580895,
    "lastfm_gat_27_620": 1.85395038,
    "lastfm_gat_6_836": 1.85342979,
    "lastfm_gat_17_373": 1.8427591925,
    "lastfm_gat_24_1255": 1.83849692,
    "lastfm_gat_12_253": 1.787861389025,
    "lastfm_gat_4_60": 1.770637512,
    "lastfm_gat_18_1104": 1.75859261,
    "lastfm_gat_7_141": 1.72420290425,
    "lastfm_gat_3_38": 1.713870045,
    "lastfm_gat_14_308": 1.67012298,
    "lastfm_gat_17_379": 1.65931726,
    "lastfm_gat_3_744": 1.6474213170909089,
    "lastfm_gat_15_325": 1.63949847,
    "lastfm_gat_11_235": 1.62599707,
    "lastfm_gat_4_62": 1.58564484,
    "lastfm_gat_15_1039": 1.436076370215385,
    "lastfm_gat_11_217": 1.43431902,
    "lastfm_gat_6_832": 1.42233777,
    "lastfm_gat_2_728": 1.41940021675,
    "lastfm_gat_12_254": 1.40057802,
    "lastfm_gat_14_1027": 1.3625125676666665,
    "lastfm_gat_22_486": 1.36197197,
    "lastfm_gat_10_925": 1.35644531,
    "lastfm_gat_7_859": 1.3470036390000002,
    "lastfm_gat_13_997": 1.30504465,
    "lastfm_gat_2_13": 1.2971387863333332,
    "lastfm_gat_9_895": 1.2806022817999998,
    "lastfm_gat_7_125": 1.272543146,
    "lastfm_gat_7_128": 1.2714491869500002,
    "lastfm_gat_8_157": 1.2298737785714287,
    "lastfm_gat_23_516": 1.2286311082222223,
    "lastfm_gat_14_1017": 1.21260047,
    "lastfm_gat_2_1": 1.205660900804,
    "lastfm_gat_25_1285": 1.1980712226666668,
    "lastfm_gat_9_168": 1.1664301979999998,
    "lastfm_gat_3_756": 1.1352386191200001,
    "lastfm_gat_2_7": 1.1301710596666665,
    "lastfm_gat_6_834": 1.128448567,
    "lastfm_gat_9_900": 1.10968578,
    "lastfm_gat_25_571": 1.1055016266666666,
    "lastfm_gat_5_805": 1.1040579410769231,
    "lastfm_gat_2_739": 1.1032050618999998,
    "lastfm_gat_4_67": 1.084722832,
    "lastfm_gat_15_323": 1.0793556,
    "lastfm_gat_10_915": 1.063068628,
    "lastfm_gat_3_46": 1.03808546,
    "lastfm_gat_7_853": 1.0303730679999998,
    "lastfm_gat_2_16": 1.0256720535,
    "lastfm_gat_4_786": 1.0110737006363637,
    "lastfm_gat_2_733": 1.0043268602,
    "lastfm_gat_31_1417": 0.969410419,
    "lastfm_gat_5_95": 0.962127686,
    "lastfm_gat_5_84": 0.9613070493555553,
    "lastfm_gat_11_951": 0.95552969,
    "lastfm_gat_29_1379": 0.942594730642857,
    "lastfm_gat_6_114": 0.9421119593,
    "lastfm_gat_2_18": 0.9241912521777775,
    "lastfm_gat_27_1325": 0.9223671562,
    "lastfm_gat_9_180": 0.922144175,
    "lastfm_gat_15_324": 0.907484889,
    "lastfm_gat_3_34": 0.9073338380000001,
    "lastfm_gat_2_727": 0.906779528,
    "lastfm_gat_25_553": 0.9002132355384614,
    "lastfm_gat_12_241": 0.8876603482500001,
    "lastfm_gat_9_894": 0.88428650875,
    "lastfm_gat_29_1374": 0.8838934345833334,
    "lastfm_gat_11_222": 0.878933728,
    "lastfm_gat_23_505": 0.8778179999999999,
    "lastfm_gat_3_45": 0.872871757,
    "lastfm_gat_4_66": 0.87253011345,
    "lastfm_gat_2_741": 0.867937028,
    "lastfm_gat_7_847": 0.8657026301333333,
    "lastfm_gat_28_1348": 0.862808943,
    "lastfm_gat_31_1421": 0.842483521,
    "lastfm_gat_3_24": 0.8331417433,
    "lastfm_gat_4_49": 0.8154586696066665,
    "lastfm_gat_14_306": 0.811919093,
    "lastfm_gat_2_21": 0.8083749020000001,
    "lastfm_gat_2_721": 0.7968360048333332,
    "lastfm_gat_4_787": 0.7943504879000001,
    "lastfm_gat_4_68": 0.7820760010000001,
    "lastfm_gat_8_883": 0.7638698200000001,
    "lastfm_gat_3_757": 0.7588232181312498,
    "lastfm_gat_8_865": 0.7465103678636363,
    "lastfm_gat_4_774": 0.7421977299999999,
    "lastfm_gat_13_989": 0.7336027645000001,
    "lastfm_gat_6_829": 0.7287527281666666,
    "lastfm_gat_30_676": 0.720934264,
    "lastfm_gat_7_131": 0.7170301083499999,
    "lastfm_gat_2_0": 0.7117914587777778,
    "lastfm_gat_2_738": 0.6955403926363637,
    "lastfm_gat_28_1347": 0.6905082258333334,
    "lastfm_gat_16_1056": 0.67706871,
    "lastfm_gat_2_12": 0.6747149225,
    "lastfm_gat_9_174": 0.6673561879285714,
    "lastfm_gat_7_858": 0.6647319779166666,
    "lastfm_gat_3_47": 0.661825885,
    "lastfm_gat_2_20": 0.6561435804333334,
    "lastfm_gat_18_397": 0.654031813,
    "lastfm_gat_4_54": 0.6538196133,
    "lastfm_gat_6_97": 0.65371042625,
    "lastfm_gat_2_731": 0.6516377023,
    "lastfm_gat_3_751": 0.6502076996923076,
    "lastfm_gat_2_726": 0.6464104355,
    "lastfm_gat_11_943": 0.6463740665000001,
    "lastfm_gat_21_471": 0.640805364,
    "lastfm_gat_27_1323": 0.636878641,
    "lastfm_gat_6_818": 0.630342484,
    "lastfm_gat_5_800": 0.62820558225,
    "lastfm_gat_9_187": 0.623786688,
    "lastfm_gat_6_109": 0.6233707263333333,
    "lastfm_gat_8_864": 0.598966241,
    "lastfm_gat_16_349": 0.5969628072500001,
    "lastfm_gat_8_156": 0.5935659035,
    "lastfm_gat_6_835": 0.5924188671428572,
    "lastfm_gat_18_404": 0.5882314745,
    "lastfm_gat_2_3": 0.5874271690000001,
    "lastfm_gat_17_1091": 0.586176753,
    "lastfm_gat_3_30": 0.5848782748666667,
    "lastfm_gat_2_6": 0.5696611884999999,
    "lastfm_gat_9_186": 0.5677980583333334,
    "lastfm_gat_29_1371": 0.566464439,