{
    "lastfm_graphsage_29_475": 305.6860172255556,
    "lastfm_graphsage_26_589": 272.78195460480003,
    "lastfm_graphsage_31_419": 235.00448217038456,
    "lastfm_graphsage_29_595": 223.16459513571428,
    "lastfm_graphsage_28_593": 220.60175446857144,
    "lastfm_graphsage_22_581": 190.36030715875003,
    "lastfm_graphsage_29_354": 184.651199,
    "lastfm_graphsage_30_597": 177.74378403592596,
    "lastfm_graphsage_19_515": 170.06571697777778,
    "lastfm_graphsage_31_599": 137.75670833307694,
    "lastfm_graphsage_30_537": 132.90493567952382,
    "lastfm_graphsage_27_591": 122.98132519428569,
    "lastfm_graphsage_21_518": 103.10129545000001,
    "lastfm_graphsage_24_525": 84.16202055933334,
    "lastfm_graphsage_23_523": 83.93687230333335,
    "lastfm_graphsage_2_240": 77.0342484,
    "lastfm_graphsage_17_150": 65.7537155,
    "lastfm_graphsage_25_527": 60.9866295,
    "lastfm_graphsage_20_577": 57.2860958625,
    "lastfm_graphsage_15_507": 56.565928352857135,
    "lastfm_graphsage_6_69": 54.14682457400001,
    "lastfm_graphsage_24_165": 53.9718628,
    "lastfm_graphsage_5_7": 46.699143360833325,
    "lastfm_graphsage_29_115": 45.975116147272736,
    "lastfm_graphsage_14_25": 45.530881241111096,
    "lastfm_graphsage_6_248": 45.3152542,
    "lastfm_graphsage_27_111": 44.41347749857143,
    "lastfm_graphsage_13_142": 41.44903687142857,
    "lastfm_graphsage_22_521": 40.17645418428572,
    "lastfm_graphsage_30_417": 39.73216883333333,
    "lastfm_graphsage_3_242": 38.38836499833333,
    "lastfm_graphsage_12_140": 37.841752514,
    "lastfm_graphsage_31_299": 37.8282051,
    "lastfm_graphsage_11_18": 37.0453453,
    "lastfm_graphsage_11_439": 36.5975933,
    "lastfm_graphsage_17_211": 36.3222427,
    "lastfm_graphsage_26_288": 36.273290625,
    "lastfm_graphsage_7_11": 36.011330304,
    "lastfm_graphsage_11_198": 35.604602166666666,
    "lastfm_graphsage_8_252": 35.27764632727273,
    "lastfm_graphsage_31_239": 35.21821689,
    "lastfm_graphsage_31_539": 35.07849375571429,
    "lastfm_graphsage_28_233": 33.452282,
    "lastfm_graphsage_2_180": 32.9316298975,
    "lastfm_graphsage_20_37": 32.70449271538462,
    "lastfm_graphsage_23_342": 32.620533,
    "lastfm_graphsage_25_287": 32.5161667,
    "lastfm_graphsage_6_549": 31.918741206666663,
    "lastfm_graphsage_17_271": 31.829163071428574,
    "lastfm_graphsage_2_360": 31.4414041475,
    "lastfm_graphsage_22_101": 30.719915382857145,
    "lastfm_graphsage_16_569": 30.57578517,
    "lastfm_graphsage_18_453": 30.403435318,
    "lastfm_graphsage_22_161": 29.8505001,
    "lastfm_graphsage_10_77": 29.672084220000002,
    "lastfm_graphsage_10_437": 29.464838334999996,
    "lastfm_graphsage_27_410": 29.464028000000003,
    "lastfm_graphsage_30_57": 29.13286858363637,
    "lastfm_graphsage_30_237": 29.087965,
    "lastfm_graphsage_2_0": 28.373899173,
    "lastfm_graphsage_10_16": 28.199334993999997,
    "lastfm_graphsage_19_35": 28.148383266000003,
    "lastfm_graphsage_16_449": 27.817517854,
    "lastfm_graphsage_9_495": 27.815750993125004,
    "lastfm_graphsage_14_385": 26.379543012499997,
    "lastfm_graphsage_20_276": 26.02265842,
    "lastfm_graphsage_10_557": 25.681427551428573,
    "lastfm_graphsage_18_573": 25.647611732499996,
    "lastfm_graphsage_5_307": 25.137008294999998,
    "lastfm_graphsage_17_511": 24.732841708000002,
    "lastfm_graphsage_9_15": 24.542988299999998,
    "lastfm_graphsage_30_176": 24.5002770375,
    "lastfm_graphsage_31_479": 24.37908632125,
    "lastfm_graphsage_19_454": 24.3317165,
    "lastfm_graphsage_28_113": 24.264631131999998,
    "lastfm_graphsage_11_378": 24.104862925,
    "lastfm_graphsage_8_553": 24.080307430625002,
    "lastfm_graphsage_12_20": 24.01167236666667,
    "lastfm_graphsage_4_65": 23.879295940000006,
    "lastfm_graphsage_22_41": 23.366812104999998,
    "lastfm_graphsage_30_596": 22.282420627500002,
    "lastfm_graphsage_19_394": 21.9938774,
    "lastfm_graphsage_16_508": 21.87932837,
    "lastfm_graphsage_12_200": 21.6694234,
    "lastfm_graphsage_28_293": 21.651241933333335,
    "lastfm_graphsage_4_304": 21.5635719,
    "lastfm_graphsage_2_301": 21.306385759999998,
    "lastfm_graphsage_9_255": 20.70649816090909,
    "lastfm_graphsage_2_181": 20.6876278,
    "lastfm_graphsage_11_558": 20.5801411,
    "lastfm_graphsage_23_163": 20.35806034,
    "lastfm_graphsage_31_538": 20.143319355,
    "lastfm_graphsage_14_265": 20.129240125,
    "lastfm_graphsage_24_104": 20.008358233333333,
    "lastfm_graphsage_28_353": 19.93033370625,
    "lastfm_graphsage_6_429": 19.78640855111111,
    "lastfm_graphsage_25_47": 19.735171056363633,
    "lastfm_graphsage_19_455": 19.726131712222223,
    "lastfm_graphsage_31_119": 19.51292275,
    "lastfm_graphsage_25_526": 19.50086957,
    "lastfm_graphsage_7_251": 19.269561338000006,
    "lastfm_graphsage_9_374": 19.24069042,
    "lastfm_graphsage_6_9": 19.1184444,
    "lastfm_graphsage_3_482": 18.6610661,
    "lastfm_graphsage_22_100": 18.648218489999998,
    "lastfm_graphsage_22_40": 18.1272469,
    "lastfm_graphsage_5_426": 18.12140364315789,
    "lastfm_graphsage_10_317": 18.050729028,
    "lastfm_graphsage_17_451": 18.038026653333333,
    "lastfm_graphsage_13_323": 17.8905964,
    "lastfm_graphsage_26_588": 17.82130849833333,
    "lastfm_graphsage_11_379": 17.701987279999997,
    "lastfm_graphsage_18_452": 17.631052,
    "lastfm_graphsage_29_54": 17.22383858,
    "lastfm_graphsage_3_183": 17.095310457142855,
    "lastfm_graphsage_21_579": 17.058677919999997,
    "lastfm_graphsage_12_201": 16.93870388,
    "lastfm_graphsage_29_55": 16.61883697,
    "lastfm_graphsage_6_548": 16.58634701833333,
    "lastfm_graphsage_13_382": 16.5780087,
    "lastfm_graphsage_12_380": 16.55546631,
    "lastfm_graphsage_21_219": 16.5273533,
    "lastfm_graphsage_21_279": 16.453120737142857,
    "lastfm_graphsage_5_487": 16.14483356,
    "lastfm_graphsage_29_295": 15.800398404000001,
    "lastfm_graphsage_7_431": 15.5563258025,
    "lastfm_graphsage_19_94": 15.479659883333335,
    "lastfm_graphsage_5_6": 15.4129467,
    "lastfm_graphsage_19_34": 15.0520711,
    "lastfm_graphsage_8_73": 14.95849958142857,
    "lastfm_graphsage_6_368": 14.890736287500001,
    "lastfm_graphsage_16_28": 14.604157378333335,
    "lastfm_graphsage_15_146": 14.511884933333334,
    "lastfm_graphsage_21_99": 14.4416695,
    "lastfm_graphsage_11_138": 14.399506998333331,
    "lastfm_graphsage_29_234": 14.209580612500002,
    "lastfm_graphsage_11_319": 14.0994532225,
    "lastfm_graphsage_16_389": 14.049459412,
    "lastfm_graphsage_9_75": 14.03763818625,
    "lastfm_graphsage_30_236": 13.9839354,
    "lastfm_graphsage_5_187": 13.7744433975,
    "lastfm_graphsage_16_88": 13.7178888,
    "lastfm_graphsage_8_132": 13.598603115714285,
    "lastfm_graphsage_14_565": 13.53349936,
    "lastfm_graphsage_13_22": 13.5111408,
    "lastfm_graphsage_27_51": 13.348308221818183,
    "lastfm_graphsage_11_139": 13.310751187,
    "lastfm_graphsage_16_269": 13.287972940000001,
    "lastfm_graphsage_31_59": 13.271372055555553,
    "lastfm_graphsage_27_170": 13.133149633333332,
    "lastfm_graphsage_22_160": 13.113799126666668,
    "lastfm_graphsage_5_247": 12.858117580000002,
    "lastfm_graphsage_17_30": 12.8065157,
    "lastfm_graphsage_24_45": 12.644795765,
    "lastfm_graphsage_27_350": 12.533626356666668,
    "lastfm_graphsage_23_43": 12.504758357499998,
    "lastfm_graphsage_7_71": 12.37803702,
    "lastfm_graphsage_21_399": 12.3232183,
    "lastfm_graphsage_24_405": 12.221473215,
    "lastfm_graphsage_20_96": 12.1633434,
    "lastfm_graphsage_7_131": 12.115000246666668,
    "lastfm_graphsage_16_329": 12.064536215,
    "lastfm_graphsage_11_79": 11.958216673333334,
    "lastfm_graphsage_10_256": 11.877198215,
    "lastfm_graphsage_10_76": 11.817254792941174,
    "lastfm_graphsage_19_155": 11.758090279999998,
    "lastfm_graphsage_15_326": 11.5712109,
    "lastfm_graphsage_13_23": 11.412498125,
    "lastfm_graphsage_3_2": 11.321746116666667,
    "lastfm_graphsage_18_273": 11.217431638,