{
    "lastfm_tagcn_21_578": 501.31242778374605,
    "lastfm_tagcn_12_21": 19.3718872,
    "lastfm_tagcn_30_476": 16.773033370333334,
    "lastfm_tagcn_31_418": 10.614627789439995,
    "lastfm_tagcn_30_416": 9.207712614642107,
    "lastfm_tagcn_18_572": 9.048047317904762,
    "lastfm_tagcn_22_460": 7.5310135758,
    "lastfm_tagcn_17_271": 6.56395531,
    "lastfm_tagcn_29_594": 6.2045683377437495,
    "lastfm_tagcn_15_326": 6.155670366250001,
    "lastfm_tagcn_10_136": 6.07886124,
    "lastfm_tagcn_23_43": 5.8167429,
    "lastfm_tagcn_25_106": 5.437309300142857,
    "lastfm_tagcn_29_354": 5.32637835,
    "lastfm_tagcn_18_92": 4.265950476538462,
    "lastfm_tagcn_13_502": 4.180484646185714,
    "lastfm_tagcn_9_434": 4.14930248,
    "lastfm_tagcn_19_574": 4.1270831042400005,
    "lastfm_tagcn_24_224": 3.915824869700001,
    "lastfm_tagcn_7_71": 3.91498566,
    "lastfm_tagcn_5_546": 3.7251501384999997,
    "lastfm_tagcn_23_102": 3.7065386165000005,
    "lastfm_tagcn_6_308": 3.628705741333333,
    "lastfm_tagcn_13_262": 3.6130478465454545,
    "lastfm_tagcn_12_321": 3.6002230670333333,
    "lastfm_tagcn_30_536": 3.570746576857143,
    "lastfm_tagcn_16_508": 3.5671976241999994,
    "lastfm_tagcn_19_154": 3.467891179739999,
    "lastfm_tagcn_12_20": 3.428604457072727,
    "lastfm_tagcn_22_100": 3.366279653750001,
    "lastfm_tagcn_25_226": 3.3436217045294128,
    "lastfm_tagcn_10_256": 3.1605459548,
    "lastfm_tagcn_17_150": 3.1030510657,
    "lastfm_tagcn_25_406": 3.0923595104285715,
    "lastfm_tagcn_18_392": 3.065596917842104,
    "lastfm_tagcn_29_415": 3.065365513333333,
    "lastfm_tagcn_27_170": 2.9113111899999997,
    "lastfm_tagcn_14_385": 2.82940674,
    "lastfm_tagcn_10_556": 2.7864037484736848,
    "lastfm_tagcn_18_272": 2.7790834325000002,
    "lastfm_tagcn_23_402": 2.7564519001333334,
    "lastfm_tagcn_18_332": 2.6835659718235294,
    "lastfm_tagcn_16_568": 2.607401701666667,
    "lastfm_tagcn_28_293": 2.57165504,
    "lastfm_tagcn_18_212": 2.5585275294,
    "lastfm_tagcn_31_598": 2.5569093050151506,
    "lastfm_tagcn_13_442": 2.547197419,
    "lastfm_tagcn_23_582": 2.5215614509230773,
    "lastfm_tagcn_16_328": 2.5026923121428566,
    "lastfm_tagcn_26_108": 2.4985233967142864,
    "lastfm_tagcn_18_512": 2.492762883333333,
    "lastfm_tagcn_15_147": 2.48948282,
    "lastfm_tagcn_13_562": 2.4526283810969693,
    "lastfm_tagcn_26_408": 2.4444635204444447,
    "lastfm_tagcn_10_16": 2.444305576,
    "lastfm_tagcn_14_324": 2.440347393786666,
    "lastfm_tagcn_14_564": 2.4341056324375003,
    "lastfm_tagcn_16_388": 2.382005258125,
    "lastfm_tagcn_7_550": 2.36246419,
    "lastfm_tagcn_10_376": 2.3413351414,
    "lastfm_tagcn_3_182": 2.272923168636364,
    "lastfm_tagcn_26_468": 2.2491323559999996,
    "lastfm_tagcn_11_138": 2.24189734,
    "lastfm_tagcn_4_4": 2.2288064137333334,
    "lastfm_tagcn_9_374": 2.2188823930769233,
    "lastfm_tagcn_16_89": 2.191643322885714,
    "lastfm_tagcn_5_66": 2.1560730015384615,
    "lastfm_tagcn_25_526": 2.151972528111111,
    "lastfm_tagcn_26_348": 2.1430261774545456,
    "lastfm_tagcn_21_99": 2.141497474230769,
    "lastfm_tagcn_27_110": 2.1318938346666667,
    "lastfm_tagcn_17_330": 2.0844999415,
    "lastfm_tagcn_16_29": 2.064647510522727,
    "lastfm_tagcn_10_496": 2.0638635908666663,
    "lastfm_tagcn_14_144": 2.0232040431111113,
    "lastfm_tagcn_29_295": 2.0215549466666665,
    "lastfm_tagcn_12_320": 2.020291535454545,
    "lastfm_tagcn_18_33": 1.9799049682,
    "lastfm_tagcn_23_522": 1.9375414998888891,
    "lastfm_tagcn_29_474": 1.8862333833,
    "lastfm_tagcn_24_584": 1.8799076960909995,
    "lastfm_tagcn_28_472": 1.8644738818944444,
    "lastfm_tagcn_29_115": 1.8635754950833334,
    "lastfm_tagcn_9_494": 1.8565857994,
    "lastfm_tagcn_14_264": 1.8462820345000002,
    "lastfm_tagcn_19_214": 1.8253709379999998,
    "lastfm_tagcn_17_90": 1.7819585633857142,
    "lastfm_tagcn_31_539": 1.77682304,
    "lastfm_tagcn_31_238": 1.7763057387142858,
    "lastfm_tagcn_12_140": 1.77208025,
    "lastfm_tagcn_14_204": 1.7568917382000002,
    "lastfm_tagcn_27_51": 1.7190898826428573,
    "lastfm_tagcn_12_560": 1.7069256425230772,
    "lastfm_tagcn_28_533": 1.6990813192727274,
    "lastfm_tagcn_8_312": 1.6837258934000001,
    "lastfm_tagcn_21_398": 1.675009936875,
    "lastfm_tagcn_28_112": 1.6749081836250002,
    "lastfm_tagcn_15_86": 1.6547294559999999,
    "lastfm_tagcn_22_41": 1.6376985364444445,
    "lastfm_tagcn_25_467": 1.623332552,
    "lastfm_tagcn_23_463": 1.6196946923333335,
    "lastfm_tagcn_20_216": 1.6139257458,
    "lastfm_tagcn_26_48": 1.5940515314249997,
    "lastfm_tagcn_19_454": 1.5923961873846153,
    "lastfm_tagcn_11_18": 1.5867050712857143,
    "lastfm_tagcn_9_74": 1.5854811916590903,
    "lastfm_tagcn_13_23": 1.5844944641272727,
    "lastfm_tagcn_20_156": 1.5705239588,
    "lastfm_tagcn_31_58": 1.5575140297272725,
    "lastfm_tagcn_8_552": 1.550512551,
    "lastfm_tagcn_24_105": 1.5498546680579997,
    "lastfm_tagcn_29_114": 1.5460019774555556,
    "lastfm_tagcn_31_478": 1.5335193483333331,
    "lastfm_tagcn_9_314": 1.533447856111111,
    "lastfm_tagcn_19_455": 1.530332805,
    "lastfm_tagcn_12_500": 1.4834767936950002,
    "lastfm_tagcn_20_96": 1.4821276710666669,
    "lastfm_tagcn_19_514": 1.47500213155,
    "lastfm_tagcn_16_329": 1.4715028316666665,
    "lastfm_tagcn_3_62": 1.46875634,
    "lastfm_tagcn_15_206": 1.4604741936666665,
    "lastfm_tagcn_31_298": 1.448079201,
    "lastfm_tagcn_21_158": 1.4363390596666665,
    "lastfm_tagcn_9_254": 1.4331580582500003,
    "lastfm_tagcn_16_209": 1.4301139115,
    "lastfm_tagcn_24_464": 1.423449272166667,
    "lastfm_tagcn_13_142": 1.4193679949999998,
    "lastfm_tagcn_17_570": 1.4113543899999998,
    "lastfm_tagcn_4_64": 1.4084749846666667,
    "lastfm_tagcn_24_44": 1.3975396532857143,
    "lastfm_tagcn_21_39": 1.39581668625,
    "lastfm_tagcn_9_194": 1.3944541097999998,
    "lastfm_tagcn_12_260": 1.3828030265,
    "lastfm_tagcn_23_42": 1.3820265884,
    "lastfm_tagcn_3_2": 1.3779082079333336,
    "lastfm_tagcn_25_407": 1.37737101,
    "lastfm_tagcn_14_24": 1.3629262936437498,
    "lastfm_tagcn_15_446": 1.3620846392631578,
    "lastfm_tagcn_28_532": 1.3613258014999998,
    "lastfm_tagcn_10_76": 1.3601647544166668,
    "lastfm_tagcn_29_534": 1.3580786294199998,
    "lastfm_tagcn_13_322": 1.3555337120000002,
    "lastfm_tagcn_7_250": 1.3507411707142858,
    "lastfm_tagcn_12_80": 1.3492035975359997,
    "lastfm_tagcn_27_470": 1.3384115744066665,
    "lastfm_tagcn_25_286": 1.33457029,
    "lastfm_tagcn_23_283": 1.334322929,
    "lastfm_tagcn_30_477": 1.30894841044,
    "lastfm_tagcn_15_146": 1.3081976992,
    "lastfm_tagcn_6_368": 1.3076384957999998,
    "lastfm_tagcn_22_580": 1.3037827781428573,
    "lastfm_tagcn_22_220": 1.3030757559173685,
    "lastfm_tagcn_10_196": 1.2884401785,
    "lastfm_tagcn_27_590": 1.2854339616000001,
    "lastfm_tagcn_7_11": 1.2826520577124998,
    "lastfm_tagcn_2_180": 1.2825309287142856,
    "lastfm_tagcn_23_162": 1.279019292375,
    "lastfm_tagcn_29_174": 1.2769771535,
    "lastfm_tagcn_19_394": 1.272491831,
    "lastfm_tagcn_14_25": 1.2607479695000001,
    "lastfm_tagcn_10_316": 1.2570977199999998,
    "lastfm_tagcn_5_246": 1.25491023,
    "lastfm_tagcn_24_45": 1.2425504242857142,
    "lastfm_tagcn_29_55": 1.238916384133333,
    "lastfm_tagcn_29_294": 1.23853110525,
    "lastfm_tagcn_2_0": 1.2371656738333334,
    "lastfm_tagcn_2_60": 1.23573172,
    "lastfm_tagcn_16_208": 1.23201557,
    "lastfm_tagcn_15_266": 1.2294924656666668,
    "lastfm_tagcn_27_50": 1.2291394459999996,
    "lastfm_tagcn_24_104": 1.2232489281666667,
    "lastfm_tagcn_28_113": 1.2085212864444443,
    "lastfm_tagcn_30_57": 1.2050252860833333,
    "lastfm_tagcn_30_56": 1.1944002756333336,
    "lastfm_tagcn_31_419": 1.1935352988083334,
    "lastfm_tagcn_8_12": 1.1910571042857143,
    "lastfm_tagcn_30_237": 1.188537856,
    "lastfm_tagcn_27_410": 1.1841458038947368,
    "lastfm_tagcn_22_160": 1.1790929732,
    "lastfm_tagcn_21_518": 1.1782718548000002,