{
    "lastfm_gat_28_1354": 980.5,
    "lastfm_gat_24_1251": 978.5,
    "lastfm_gat_26_1301": 882.471039,
    "lastfm_gat_18_1115": 764.1787415,
    "lastfm_gat_26_1299": 760.703247,
    "lastfm_gat_30_1394": 623.133972,
    "lastfm_gat_21_1186": 551.9644926666666,
    "lastfm_gat_22_1211": 550.810939,
    "lastfm_gat_31_1418": 491.02694525,
    "lastfm_gat_23_1228": 409.24385897142855,
    "lastfm_gat_28_1349": 403.630549,
    "lastfm_gat_31_1426": 391.695862,
    "lastfm_gat_17_1082": 340.95140604000005,
    "lastfm_gat_28_1353": 296.17430591666664,
    "lastfm_gat_29_1373": 270.67809462625,
    "lastfm_gat_31_1439": 250.201401,
    "lastfm_gat_22_1223": 237.671767125,
    "lastfm_gat_13_988": 235.55215449999997,
    "lastfm_gat_26_1303": 227.429123,
    "lastfm_gat_31_1424": 186.52095850000003,
    "lastfm_gat_24_1256": 180.11251873999998,
    "lastfm_gat_16_1060": 179.6310343,
    "lastfm_gat_31_1425": 163.43262025500002,
    "lastfm_gat_22_1207": 155.2888582,
    "lastfm_gat_30_1403": 153.19015517999998,
    "lastfm_gat_31_1421": 128.883835,
    "lastfm_gat_22_1206": 119.64643350666667,
    "lastfm_gat_30_1395": 109.07801155,
    "lastfm_gat_2_2": 86.13132323333333,
    "lastfm_gat_28_1355": 84.620163,
    "lastfm_gat_11_235": 83.4424591,
    "lastfm_gat_27_1322": 66.9654083,
    "lastfm_gat_7_125": 64.70635938749999,
    "lastfm_gat_24_1265": 63.11455345,
    "lastfm_gat_15_324": 62.5637398,
    "lastfm_gat_14_306": 60.9548264,
    "lastfm_gat_4_62": 59.5586128,
    "lastfm_gat_28_624": 57.798742024999996,
    "lastfm_gat_21_471": 56.8777924,
    "lastfm_gat_3_46": 55.0641365,
    "lastfm_gat_13_276": 54.455513,
    "lastfm_gat_9_900": 54.4333496,
    "lastfm_gat_14_1009": 53.87290446666666,
    "lastfm_gat_24_540": 53.3446083,
    "lastfm_gat_2_3": 52.307184225,
    "lastfm_gat_22_1200": 51.2771912,
    "lastfm_gat_18_404": 50.9926243,
    "lastfm_gat_7_134": 50.6921539,
    "lastfm_gat_2_23": 50.3667679,
    "lastfm_gat_27_1323": 50.213657375,
    "lastfm_gat_2_741": 50.1232872,
    "lastfm_gat_24_1259": 48.8113441,
    "lastfm_gat_5_800": 48.24777412499999,
    "lastfm_gat_12_252": 48.18580119999999,
    "lastfm_gat_30_676": 47.98783389090909,
    "lastfm_gat_10_925": 47.8971977,
    "lastfm_gat_30_690": 47.058136000000005,
    "lastfm_gat_31_697": 46.40720102666666,
    "lastfm_gat_22_486": 46.1121483,
    "lastfm_gat_31_714": 45.9303436,
    "lastfm_gat_31_710": 45.5982437,
    "lastfm_gat_21_1189": 45.5765533,
    "lastfm_gat_29_1371": 45.30478285,
    "lastfm_gat_9_895": 45.21659279,
    "lastfm_gat_11_223": 45.050950844,
    "lastfm_gat_17_1098": 44.64655844333333,
    "lastfm_gat_29_1370": 44.2925377,
    "lastfm_gat_9_177": 44.0500984,
    "lastfm_gat_26_588": 43.947271209,
    "lastfm_gat_18_1126": 43.939312,
    "lastfm_gat_30_1406": 43.7818527,
    "lastfm_gat_20_1163": 43.5835724,
    "lastfm_gat_25_553": 43.17305873076923,
    "lastfm_gat_17_372": 42.87885095,
    "lastfm_gat_6_101": 42.5846024,
    "lastfm_gat_13_984": 42.1440468,
    "lastfm_gat_4_49": 41.944539469333336,
    "lastfm_gat_9_894": 41.88880945,
    "lastfm_gat_9_888": 41.85382004,
    "lastfm_gat_18_400": 41.2202835,
    "lastfm_gat_14_292": 41.084645275,
    "lastfm_gat_3_47": 41.07897056666667,
    "lastfm_gat_5_808": 41.078771599999996,
    "lastfm_gat_29_1374": 41.040696755000006,
    "lastfm_gat_24_1260": 40.490819900000005,
    "lastfm_gat_7_141": 40.35514761,
    "lastfm_gat_26_1302": 40.32568740000001,
    "lastfm_gat_29_654": 40.1554775,
    "lastfm_gat_25_571": 40.07284478166667,
    "lastfm_gat_27_1321": 40.028244,
    "lastfm_gat_12_240": 39.99419595,
    "lastfm_gat_16_336": 39.9907227,
    "lastfm_gat_3_42": 39.65569658571428,
    "lastfm_gat_6_115": 39.62933735,
    "lastfm_gat_28_643": 39.4807968,
    "lastfm_gat_15_1039": 39.24788026923077,
    "lastfm_gat_2_727": 39.03936,
    "lastfm_gat_8_864": 38.9141006,
    "lastfm_gat_13_989": 38.76856615,
    "lastfm_gat_2_21": 37.10523596666667,
    "lastfm_gat_12_253": 36.95052327,
    "lastfm_gat_11_954": 36.9197993,
    "lastfm_gat_3_756": 36.008685974,
    "lastfm_gat_2_722": 35.99673465,
    "lastfm_gat_8_157": 35.62011671142857,
    "lastfm_gat_16_348": 35.319812486000004,
    "lastfm_gat_2_728": 34.801163966249995,
    "lastfm_gat_25_1285": 33.72024123333333,
    "lastfm_gat_5_95": 33.7122116,
    "lastfm_gat_7_859": 33.163000100000005,
    "lastfm_gat_8_883": 32.72447691,
    "lastfm_gat_3_750": 32.348331265000006,
    "lastfm_gat_6_114": 32.09592263166667,
    "lastfm_gat_7_126": 31.935809340000002,
    "lastfm_gat_7_847": 31.723218916666667,
    "lastfm_gat_3_34": 30.94859192285714,
    "lastfm_gat_16_1056": 30.1304379,
    "lastfm_gat_2_20": 28.7927052,
    "lastfm_gat_2_18": 28.151337410000004,
    "lastfm_gat_17_373": 28.12475442,
    "lastfm_gat_9_906": 28.021031400000002,
    "lastfm_gat_3_31": 27.520468453076923,
    "lastfm_gat_4_68": 27.116730905,
    "lastfm_gat_2_743": 26.866343115,
    "lastfm_gat_2_733": 25.813368420000007,
    "lastfm_gat_2_5": 25.095819005,
    "lastfm_gat_22_487": 24.346980099999996,
    "lastfm_gat_3_25": 23.943018924999997,
    "lastfm_gat_4_768": 23.91102505,
    "lastfm_gat_29_1379": 23.67758778714286,
    "lastfm_gat_2_721": 23.347433576666663,
    "lastfm_gat_9_180": 22.9000626,
    "lastfm_gat_15_1044": 22.847305655,
    "lastfm_gat_8_865": 22.405317784545453,
    "lastfm_gat_2_726": 21.6139240725,
    "lastfm_gat_10_915": 21.574321525,
    "lastfm_gat_7_127": 21.482752070000004,
    "lastfm_gat_3_30": 21.2551619,
    "lastfm_gat_7_858": 20.997461443333332,
    "lastfm_gat_23_516": 20.65067389,
    "lastfm_gat_4_776": 20.593713764999997,
    "lastfm_gat_6_822": 20.4445328,
    "lastfm_gat_4_780": 19.924951245,
    "lastfm_gat_5_85": 19.809795936666664,
    "lastfm_gat_4_55": 19.624962026,
    "lastfm_gat_3_762": 19.49771099217391,
    "lastfm_gat_23_505": 19.090021044,
    "lastfm_gat_2_13": 18.929465315000005,
    "lastfm_gat_14_1015": 18.718137845,
    "lastfm_gat_3_744": 18.698544029090908,
    "lastfm_gat_2_10": 18.415561241000002,
    "lastfm_gat_6_823": 18.24527345,
    "lastfm_gat_6_835": 18.191585264285713,
    "lastfm_gat_9_174": 18.145867375714282,
    "lastfm_gat_11_217": 18.02820794333333,
    "lastfm_gat_6_108": 17.993914497272726,
    "lastfm_gat_11_951": 17.67836,
    "lastfm_gat_5_798": 17.434609837419355,
    "lastfm_gat_5_79": 17.395340915,
    "lastfm_gat_4_775": 17.233129965294122,
    "lastfm_gat_3_757": 17.178049613749998,
    "lastfm_gat_6_103": 16.98422079153846,
    "lastfm_gat_25_1283": 16.6826,
    "lastfm_gat_15_330": 16.52537227857143,
    "lastfm_gat_7_121": 16.444735567000002,
    "lastfm_gat_4_786": 16.429891543636362,
    "lastfm_gat_2_738": 15.932273709999999,
    "lastfm_gat_14_1027": 15.580450960000002,
    "lastfm_gat_3_41": 15.498015316666667,
    "lastfm_gat_6_818": 15.3371201,
    "lastfm_gat_4_774": 15.280739837999999,
    "lastfm_gat_3_751": 15.144126591538464,
    "lastfm_gat_6_109": 15.12364761,
    "lastfm_gat_27_1325": 15.025502724,
    "lastfm_gat_3_43": 14.80362034,
    "lastfm_gat_29_648": 14.67462685,
    "lastfm_gat_6_97": 14.440033265,
    "lastfm_gat_2_12": 14.335072030000001,
    "lastfm_gat_3_24": 14.077796857000001,
    "lastfm_gat_8_144": 14.048531105833334,
    "lastfm_gat_3_763": 13.8761966425,
    "lastfm_gat_11_953": 13.5,
    "lastfm_gat_4_54": 13.427228603,
    "lastfm_gat_23_1224": 13.2901869,
    "lastfm_gat_5_804": 13.139682288888888,
    "lastfm_gat_2_732": 12.970771008333331,
    "lastfm_gat_2_739": 12.932026287500001,
    "lastfm_gat_2_720": 12.669434227499998,
    "lastfm_gat_11_228": 12.5,
    "lastfm_gat_4_66": 12.490323936666668,
    "lastfm_gat_5_72": 11.936475793636367,
    "lastfm_gat_8_871": 11.689549500624999,
    "lastfm_gat_4_787": 11.612320632222223,
    "lastfm_gat_3_44": 11.34049031909091,
    "lastfm_gat_8_867": 11.1686945,
    "lastfm_gat_6_829": 11.067740631666668,
    "lastfm_gat_13_1002": 11.0207176,
    "lastfm_gat_15_325": 10.8908052,