{
    "lastfm_graphsage_26_589": 257.4834166269841,
    "lastfm_graphsage_31_419": 28.676967890476927,
    "lastfm_graphsage_2_240": 11.8646202,
    "lastfm_graphsage_2_181": 7.83446884,
    "lastfm_graphsage_17_150": 6.19970894,
    "lastfm_graphsage_14_565": 5.833793707,
    "lastfm_graphsage_31_599": 5.575210334376923,
    "lastfm_graphsage_17_331": 5.411007645,
    "lastfm_graphsage_11_378": 4.7739561675,
    "lastfm_graphsage_18_333": 4.761627812783334,
    "lastfm_graphsage_22_580": 4.60567379,
    "lastfm_graphsage_10_197": 4.54135609,
    "lastfm_graphsage_15_327": 4.22769976,
    "lastfm_graphsage_27_591": 4.08628637654,
    "lastfm_graphsage_8_252": 4.037203612909091,
    "lastfm_graphsage_24_164": 3.9400185860000003,
    "lastfm_graphsage_26_289": 3.88755345,
    "lastfm_graphsage_29_354": 3.83824921,
    "lastfm_graphsage_31_179": 3.834169207,
    "lastfm_graphsage_21_399": 3.7813437,
    "lastfm_graphsage_30_597": 3.539630821807407,
    "lastfm_graphsage_29_475": 3.4811917957,
    "lastfm_graphsage_18_273": 3.4509553579640007,
    "lastfm_graphsage_4_544": 3.35806274,
    "lastfm_graphsage_10_77": 3.194195985,
    "lastfm_graphsage_24_405": 3.174914389,
    "lastfm_graphsage_26_588": 3.153318842333333,
    "lastfm_graphsage_19_515": 3.148601309111111,
    "lastfm_graphsage_22_41": 3.1232019941666667,
    "lastfm_graphsage_21_339": 3.0717386,
    "lastfm_graphsage_28_593": 3.023053783828572,
    "lastfm_graphsage_24_585": 3.0,
    "lastfm_graphsage_30_177": 2.9926760959,
    "lastfm_graphsage_22_581": 2.9885494498875,
    "lastfm_graphsage_21_518": 2.94737792,
    "lastfm_graphsage_20_517": 2.8544335075,
    "lastfm_graphsage_29_595": 2.8203745997071428,
    "lastfm_graphsage_27_50": 2.72832155,
    "lastfm_graphsage_9_495": 2.716035613656249,
    "lastfm_graphsage_22_221": 2.650090009,
    "lastfm_graphsage_3_543": 2.55031371,
    "lastfm_graphsage_28_293": 2.532818795333333,
    "lastfm_graphsage_6_489": 2.30362606,
    "lastfm_graphsage_2_61": 2.19221425,
    "lastfm_graphsage_19_395": 2.124041398333333,
    "lastfm_graphsage_30_537": 2.0964476005000003,
    "lastfm_graphsage_31_598": 2.081147255,
    "lastfm_graphsage_24_105": 2.07822084,
    "lastfm_graphsage_11_439": 2.0692304805,
    "lastfm_graphsage_29_295": 2.04896625707,
    "lastfm_graphsage_27_351": 1.98261648,
    "lastfm_graphsage_29_54": 1.9161757819999998,
    "lastfm_graphsage_23_343": 1.9061588566666667,
    "lastfm_graphsage_7_311": 1.8998627356666666,
    "lastfm_graphsage_15_267": 1.8968374719999999,
    "lastfm_graphsage_23_523": 1.8902176178333332,
    "lastfm_graphsage_25_527": 1.88497543,
    "lastfm_graphsage_5_247": 1.855871232,
    "lastfm_graphsage_27_411": 1.853046955,
    "lastfm_graphsage_20_397": 1.7464255165,
    "lastfm_graphsage_12_560": 1.7407499546666667,
    "lastfm_graphsage_24_525": 1.7337033341333334,
    "lastfm_graphsage_27_531": 1.7283506415199998,
    "lastfm_graphsage_13_323": 1.71358204,
    "lastfm_graphsage_27_590": 1.711291413333333,
    "lastfm_graphsage_11_319": 1.6970478311249997,
    "lastfm_graphsage_14_504": 1.69564116,
    "lastfm_graphsage_19_454": 1.69311261,
    "lastfm_graphsage_28_113": 1.6927596399999998,
    "lastfm_graphsage_30_237": 1.66170406,
    "lastfm_graphsage_6_69": 1.6452036698,
    "lastfm_graphsage_28_353": 1.643668633275,
    "lastfm_graphsage_18_513": 1.62970603,
    "lastfm_graphsage_13_503": 1.6279377345,
    "lastfm_graphsage_11_19": 1.5886046324375003,
    "lastfm_graphsage_13_142": 1.5770887065714285,
    "lastfm_graphsage_19_215": 1.5699659594999997,
    "lastfm_graphsage_26_288": 1.5558361567499999,
    "lastfm_graphsage_22_521": 1.5471673370642853,
    "lastfm_graphsage_19_335": 1.5341125916666665,
    "lastfm_graphsage_15_147": 1.514298731671428,
    "lastfm_graphsage_26_109": 1.5119554275,
    "lastfm_graphsage_22_461": 1.50869441,
    "lastfm_graphsage_17_271": 1.5066364138000004,
    "lastfm_graphsage_3_243": 1.4469084426666667,
    "lastfm_graphsage_30_236": 1.44460392,
    "lastfm_graphsage_9_15": 1.4426348219,
    "lastfm_graphsage_17_31": 1.4234572851428573,
    "lastfm_graphsage_18_213": 1.4104617142857143,
    "lastfm_graphsage_24_345": 1.3891479375,
    "lastfm_graphsage_15_507": 1.3686490582857143,
    "lastfm_graphsage_23_342": 1.35621595,
    "lastfm_graphsage_14_25": 1.349254642222222,
    "lastfm_graphsage_18_452": 1.34651911,
    "lastfm_graphsage_9_255": 1.341978928818182,
    "lastfm_graphsage_20_37": 1.3268698587846155,
    "lastfm_graphsage_20_277": 1.318551185,
    "lastfm_graphsage_6_548": 1.3150944265000002,
    "lastfm_graphsage_30_57": 1.2963122650909091,
    "lastfm_graphsage_18_212": 1.28556454925,
    "lastfm_graphsage_23_43": 1.2807180230000001,
    "lastfm_graphsage_6_549": 1.245938189266667,
    "lastfm_graphsage_22_341": 1.2441984494,
    "lastfm_graphsage_23_583": 1.2425940853333333,
    "lastfm_graphsage_18_453": 1.2361977399999997,
    "lastfm_graphsage_25_287": 1.23291016,
    "lastfm_graphsage_11_559": 1.2322702487500001,
    "lastfm_graphsage_16_88": 1.22607172,
    "lastfm_graphsage_25_227": 1.21203351075,
    "lastfm_graphsage_10_76": 1.2016087570588236,
    "lastfm_graphsage_10_437": 1.19899503175,
    "lastfm_graphsage_21_39": 1.190693000475,
    "lastfm_graphsage_29_55": 1.1791576557500003,
    "lastfm_graphsage_31_539": 1.1741494491428575,
    "lastfm_graphsage_20_96": 1.17119753,
    "lastfm_graphsage_12_321": 1.1672332770181817,
    "lastfm_graphsage_8_433": 1.1671710905,
    "lastfm_graphsage_7_71": 1.166304419,
    "lastfm_graphsage_25_526": 1.1387430126,
    "lastfm_graphsage_8_553": 1.1368851544375,
    "lastfm_graphsage_25_406": 1.12674445,
    "lastfm_graphsage_26_108": 1.1191647243333331,
    "lastfm_graphsage_7_130": 1.106653185,
    "lastfm_graphsage_29_535": 1.10451996,
    "lastfm_graphsage_14_325": 1.103284285,
    "lastfm_graphsage_19_35": 1.1018065191666664,
    "lastfm_graphsage_24_465": 1.09529638,
    "lastfm_graphsage_15_447": 1.0943602685,
    "lastfm_graphsage_2_360": 1.0933577908749998,
    "lastfm_graphsage_29_415": 1.0865597202,
    "lastfm_graphsage_19_155": 1.070613143111111,
    "lastfm_graphsage_27_410": 1.062667719,
    "lastfm_graphsage_6_369": 1.06138682,
    "lastfm_graphsage_5_546": 1.05080307,
    "lastfm_graphsage_17_451": 1.0501999554166668,
    "lastfm_graphsage_21_279": 1.0446264512428571,
    "lastfm_graphsage_22_401": 1.031889377,
    "lastfm_graphsage_24_285": 1.0276392835,
    "lastfm_graphsage_4_305": 1.0081461666666667,
    "lastfm_graphsage_23_462": 1.00799203,
    "lastfm_graphsage_10_557": 1.0051864658857144,
    "lastfm_graphsage_24_524": 0.999699593,
    "lastfm_graphsage_11_198": 0.9911278119999999,
    "lastfm_graphsage_27_471": 0.974970341,
    "lastfm_graphsage_25_347": 0.9734695127499999,
    "lastfm_graphsage_10_17": 0.973188698,
    "lastfm_graphsage_12_441": 0.9671674666,
    "lastfm_graphsage_5_367": 0.946026325,
    "lastfm_graphsage_23_103": 0.9114619422000001,
    "lastfm_graphsage_19_95": 0.9062485824142856,
    "lastfm_graphsage_25_407": 0.90512991,
    "lastfm_graphsage_15_146": 0.9043560848,
    "lastfm_graphsage_16_389": 0.8812858050000001,
    "lastfm_graphsage_20_577": 0.8802320209375002,
    "lastfm_graphsage_12_20": 0.8783337656666667,
    "lastfm_graphsage_16_508": 0.87402858375,
    "lastfm_graphsage_8_192": 0.871467352,
    "lastfm_graphsage_10_317": 0.8699265888,
    "lastfm_graphsage_9_75": 0.8677525989999999,
    "lastfm_graphsage_11_79": 0.8677294536666668,
    "lastfm_graphsage_22_520": 0.846327126,
    "lastfm_graphsage_22_281": 0.8457783666666666,
    "lastfm_graphsage_10_256": 0.82915104275,
    "lastfm_graphsage_30_176": 0.8266980500000001,
    "lastfm_graphsage_5_67": 0.8227693360000001,
    "lastfm_graphsage_24_45": 0.820548743,
    "lastfm_graphsage_13_22": 0.8140135555,
    "lastfm_graphsage_30_297": 0.798932189,
    "lastfm_graphsage_22_101": 0.796655674,
    "lastfm_graphsage_25_47": 0.7966213316363635,
    "lastfm_graphsage_11_199": 0.7957654345,