{
    "pubmed_gcn_29_432": 1374.242628655,
    "pubmed_gcn_30_463": 1255.9831530225001,
    "pubmed_gcn_30_453": 848.18349215,
    "pubmed_gcn_31_465": 737.0227178233334,
    "pubmed_gcn_23_347": 733.202271,
    "pubmed_gcn_26_397": 671.4102855111112,
    "pubmed_gcn_29_436": 625.1992862366667,
    "pubmed_gcn_30_448": 613.5716447278572,
    "pubmed_gcn_26_394": 603.041931,
    "pubmed_gcn_27_414": 587.669128,
    "pubmed_gcn_23_348": 571.543335,
    "pubmed_gcn_28_422": 559.6762386666667,
    "pubmed_gcn_31_473": 539.0303304,
    "pubmed_gcn_24_360": 519.0166015,
    "pubmed_gcn_31_468": 503.0784730127273,
    "pubmed_gcn_31_470": 494.8844979714287,
    "pubmed_gcn_29_437": 485.5003965933333,
    "pubmed_gcn_27_413": 441.247920224,
    "pubmed_gcn_29_435": 428.40370050750005,
    "pubmed_gcn_31_471": 416.5313206966666,
    "pubmed_gcn_29_445": 414.5028856800001,
    "pubmed_gcn_21_317": 404.15177366374996,
    "pubmed_gcn_30_457": 396.73349750000006,
    "pubmed_gcn_31_464": 375.15850585000004,
    "pubmed_gcn_31_469": 373.39847287428574,
    "pubmed_gcn_20_292": 373.15654665000005,
    "pubmed_gcn_20_302": 371.92185885000004,
    "pubmed_gcn_23_340": 357.29208045166666,
    "pubmed_gcn_26_384": 352.11324566666667,
    "pubmed_gcn_23_342": 346.36651978500004,
    "pubmed_gcn_11_159": 344.87820859500005,
    "pubmed_gcn_8_100": 341.60071499599997,
    "pubmed_gcn_17_247": 334.7912743283333,
    "pubmed_gcn_10_131": 326.25125204999995,
    "pubmed_gcn_10_141": 324.27855288750004,
    "pubmed_gcn_10_139": 322.832397,
    "pubmed_gcn_9_123": 318.87710657555556,
    "pubmed_gcn_20_295": 317.3935549666666,
    "pubmed_gcn_26_387": 315.07363376,
    "pubmed_gcn_19_278": 312.64489397428576,
    "pubmed_gcn_6_64": 311.96966576437507,
    "pubmed_gcn_6_79": 306.56200672,
    "pubmed_gcn_2_13": 303.1553879264285,
    "pubmed_gcn_13_184": 302.4288298752941,
    "pubmed_gcn_18_271": 301.73788944,
    "pubmed_gcn_7_85": 300.7848990953846,
    "pubmed_gcn_6_75": 295.734345985,
    "pubmed_gcn_19_274": 286.1813304666667,
    "pubmed_gcn_7_82": 281.9679575130304,
    "pubmed_gcn_21_304": 281.9305874855556,
    "pubmed_gcn_17_253": 280.18331378874996,
    "pubmed_gcn_17_248": 274.7574299733334,
    "pubmed_gcn_13_189": 270.763184,
    "pubmed_gcn_17_244": 265.5123902333333,
    "pubmed_gcn_11_147": 260.652008,
    "pubmed_gcn_18_258": 260.0946074925,
    "pubmed_gcn_27_400": 259.92914266571427,
    "pubmed_gcn_30_456": 257.26218081666667,
    "pubmed_gcn_5_62": 253.93936539392857,
    "pubmed_gcn_12_166": 252.50354395333332,
    "pubmed_gcn_3_29": 249.75293784904767,
    "pubmed_gcn_23_345": 249.43724253333332,
    "pubmed_gcn_6_66": 248.2435816877273,
    "pubmed_gcn_29_447": 247.24014370375,
    "pubmed_gcn_25_379": 246.728806,
    "pubmed_gcn_16_235": 245.82092921,
    "pubmed_gcn_2_14": 244.61361210249993,
    "pubmed_gcn_13_182": 244.009979918125,
    "pubmed_gcn_12_174": 243.96006298909094,
    "pubmed_gcn_30_450": 243.81505366333332,
    "pubmed_gcn_12_164": 243.44792500454548,
    "pubmed_gcn_29_438": 241.5321203,
    "pubmed_gcn_12_160": 239.49499867333327,
    "pubmed_gcn_22_324": 239.0271613654545,
    "pubmed_gcn_11_156": 238.5915715626316,
    "pubmed_gcn_30_459": 235.400711,
    "pubmed_gcn_14_200": 234.97476653624997,
    "pubmed_gcn_3_25": 233.91884519824998,
    "pubmed_gcn_13_183": 233.57811,
    "pubmed_gcn_3_22": 233.34523681666676,
    "pubmed_gcn_3_17": 232.6568252681817,
    "pubmed_gcn_2_5": 231.04629957500006,
    "pubmed_gcn_10_129": 226.232032394,
    "pubmed_gcn_5_57": 225.07336747000002,
    "pubmed_gcn_31_474": 224.28048027333332,
    "pubmed_gcn_28_429": 224.08011908333333,
    "pubmed_gcn_25_382": 222.29514728,
    "pubmed_gcn_21_306": 220.7743835,
    "pubmed_gcn_22_325": 219.6119922725,
    "pubmed_gcn_16_225": 215.23816349666666,
    "pubmed_gcn_2_10": 214.45171781,
    "pubmed_gcn_2_11": 214.0078278944737,
    "pubmed_gcn_24_356": 213.28319842125,
    "pubmed_gcn_23_349": 211.72793527000002,
    "pubmed_gcn_7_87": 211.37179469999998,
    "pubmed_gcn_22_327": 211.20377641666664,
    "pubmed_gcn_13_181": 210.0432837125,
    "pubmed_gcn_8_101": 209.6631463,
    "pubmed_gcn_11_145": 208.80068126999998,
    "pubmed_gcn_15_212": 208.00931325,
    "pubmed_gcn_4_36": 204.97044028611109,
    "pubmed_gcn_18_257": 200.14531330555556,
    "pubmed_gcn_20_294": 198.95811793,
    "pubmed_gcn_29_433": 197.12784276666665,
    "pubmed_gcn_5_56": 195.4379210430556,
    "pubmed_gcn_19_276": 195.29366337857144,
    "pubmed_gcn_30_451": 192.40974493333331,
    "pubmed_gcn_2_3": 191.17506215333336,
    "pubmed_gcn_9_114": 190.96145014473692,
    "pubmed_gcn_4_47": 190.23171057187503,
    "pubmed_gcn_29_439": 188.43284355125002,
    "pubmed_gcn_11_148": 185.40683186750002,
    "pubmed_gcn_13_177": 184.3560420115789,
    "pubmed_gcn_24_362": 181.44459390999998,
    "pubmed_gcn_3_20": 181.43784005256407,
    "pubmed_gcn_3_18": 180.29378828907412,
    "pubmed_gcn_7_80": 179.80914590500004,
    "pubmed_gcn_9_116": 178.33977855944443,
    "pubmed_gcn_5_61": 178.24954169000006,
    "pubmed_gcn_12_173": 177.301682,
    "pubmed_gcn_26_390": 174.89978812199996,
    "pubmed_gcn_3_24": 174.24009473545453,
    "pubmed_gcn_25_372": 174.16446263333333,
    "pubmed_gcn_26_393": 173.68954572625003,
    "pubmed_gcn_4_38": 173.6461934736585,
    "pubmed_gcn_5_49": 171.22445238785716,
    "pubmed_gcn_4_37": 170.7295973377778,
    "pubmed_gcn_4_45": 169.95195926363635,
    "pubmed_gcn_19_286": 169.17799206499998,
    "pubmed_gcn_3_30": 168.67992739719998,
    "pubmed_gcn_7_90": 168.6238783626667,
    "pubmed_gcn_2_7": 168.27008602,
    "pubmed_gcn_15_208": 165.488720148,
    "pubmed_gcn_17_240": 164.01526480666666,
    "pubmed_gcn_3_28": 162.28843303714285,
    "pubmed_gcn_8_103": 161.94647997555558,
    "pubmed_gcn_11_144": 161.67961597041665,
    "pubmed_gcn_3_16": 161.0888625448837,
    "pubmed_gcn_8_98": 160.83697233,
    "pubmed_gcn_4_34": 157.95018251172414,
    "pubmed_gcn_4_43": 157.93262148392859,
    "pubmed_gcn_11_154": 156.4372109072414,
    "pubmed_gcn_21_312": 153.442448915,
    "pubmed_gcn_8_104": 153.29182413799998,
    "pubmed_gcn_31_472": 152.678779725,
    "pubmed_gcn_21_318": 152.614944,
    "pubmed_gcn_7_81": 150.96140917416668,
    "pubmed_gcn_4_32": 150.18198197657895,
    "pubmed_gcn_28_423": 148.637709575,
    "pubmed_gcn_16_238": 147.645142,
    "pubmed_gcn_27_402": 147.31260589,
    "pubmed_gcn_4_33": 145.21870088419354,
    "pubmed_gcn_11_152": 144.6739463945,
    "pubmed_gcn_2_12": 143.947095237561,
    "pubmed_gcn_26_398": 143.805752954,
    "pubmed_gcn_4_42": 142.3320285873333,
    "pubmed_gcn_12_171": 142.15308045749998,
    "pubmed_gcn_10_143": 141.84865598300001,
    "pubmed_gcn_2_8": 141.82452364142856,
    "pubmed_gcn_5_48": 138.23309994040002,
    "pubmed_gcn_14_192": 138.1397661833333,
    "pubmed_gcn_2_4": 137.86955979835815,
    "pubmed_gcn_3_23": 137.4325323522222,
    "pubmed_gcn_17_249": 135.93999513,
    "pubmed_gcn_3_31": 135.69564770041669,
    "pubmed_gcn_14_203": 134.45934207285714,
    "pubmed_gcn_7_94": 134.26976728315793,
    "pubmed_gcn_12_162": 132.71392940625,
    "pubmed_gcn_10_136": 131.2303480242857,
    "pubmed_gcn_4_35": 130.53394160173914,
    "pubmed_gcn_20_288": 129.11019758333333,
    "pubmed_gcn_8_105": 127.86737179999999,
    "pubmed_gcn_3_27": 126.94689808575,
    "pubmed_gcn_20_290": 126.47389972500001,
    "pubmed_gcn_14_194": 125.91661207333333,
    "pubmed_gcn_14_199": 124.70757236124999,
    "pubmed_gcn_9_125": 124.47731753384613,
    "pubmed_gcn_2_0": 124.43682344487183,
    "pubmed_gcn_6_68": 123.39157319863638,
    "pubmed_gcn_17_250": 121.64373755,
    "pubmed_gcn_26_392": 120.616462825,
    "pubmed_gcn_6_78": 120.56572484333334,
    "pubmed_gcn_5_50": 120.5159655753846,
    "pubmed_gcn_15_216": 120.27809153333334,
    "pubmed_gcn_17_243": 119.013405,
    "pubmed_gcn_10_128": 118.46661832299999,
    "pubmed_gcn_28_418": 118.00429790333334,
    "pubmed_gcn_3_21": 117.68258707999999,