{
    "pubmed_gcn_29_432": 1169.4796775135999,
    "pubmed_gcn_30_448": 202.46222792616433,
    "pubmed_gcn_30_463": 183.9069106975,
    "pubmed_gcn_31_470": 37.964493199142844,
    "pubmed_gcn_29_436": 31.813886147111102,
    "pubmed_gcn_27_413": 24.3883465356,
    "pubmed_gcn_31_465": 22.028627799286667,
    "pubmed_gcn_29_445": 16.2041904063,
    "pubmed_gcn_29_437": 15.63357473,
    "pubmed_gcn_31_473": 12.011312128171427,
    "pubmed_gcn_31_469": 11.29219183042857,
    "pubmed_gcn_23_337": 8.43341351,
    "pubmed_gcn_30_459": 8.06987762,
    "pubmed_gcn_30_453": 7.657658999,
    "pubmed_gcn_9_119": 6.4913789,
    "pubmed_gcn_30_457": 6.0660014985,
    "pubmed_gcn_2_5": 5.579979434229169,
    "pubmed_gcn_16_232": 5.380205985,
    "pubmed_gcn_30_455": 5.26583338,
    "pubmed_gcn_29_447": 5.056220763499999,
    "pubmed_gcn_26_397": 4.962424066622223,
    "pubmed_gcn_27_409": 4.78096962,
    "pubmed_gcn_28_427": 4.7639429600000005,
    "pubmed_gcn_3_17": 4.458543004090911,
    "pubmed_gcn_24_360": 4.265432433,
    "pubmed_gcn_17_255": 4.259170513333333,
    "pubmed_gcn_22_326": 3.84149981,
    "pubmed_gcn_12_160": 3.713820586733333,
    "pubmed_gcn_19_285": 3.631074785,
    "pubmed_gcn_29_434": 3.52017331,
    "pubmed_gcn_4_39": 3.5133684061875003,
    "pubmed_gcn_26_399": 3.50398254,
    "pubmed_gcn_17_244": 3.224533996666667,
    "pubmed_gcn_26_398": 3.2149191969999995,
    "pubmed_gcn_7_93": 3.2141949813000004,
    "pubmed_gcn_9_123": 3.142611335166668,
    "pubmed_gcn_28_423": 3.11088931575,
    "pubmed_gcn_30_456": 3.0191537133333335,
    "pubmed_gcn_24_361": 2.9542253,
    "pubmed_gcn_25_369": 2.93851089,
    "pubmed_gcn_27_410": 2.93735027,
    "pubmed_gcn_14_203": 2.9363354248571425,
    "pubmed_gcn_16_235": 2.8381043075000005,
    "pubmed_gcn_9_117": 2.837216199,
    "pubmed_gcn_10_138": 2.8092434515714286,
    "pubmed_gcn_23_341": 2.80587602,
    "pubmed_gcn_19_280": 2.7937869450000004,
    "pubmed_gcn_25_381": 2.785303115,
    "pubmed_gcn_15_223": 2.69788128125,
    "pubmed_gcn_16_231": 2.6962707233333334,
    "pubmed_gcn_21_312": 2.66022462,
    "pubmed_gcn_2_8": 2.6436550917346944,
    "pubmed_gcn_18_271": 2.5932016503999997,
    "pubmed_gcn_2_13": 2.5821514243904766,
    "pubmed_gcn_19_277": 2.5819421200000003,
    "pubmed_gcn_27_400": 2.563779129857143,
    "pubmed_gcn_19_273": 2.54773879,
    "pubmed_gcn_21_307": 2.5453366132500004,
    "pubmed_gcn_2_4": 2.539673130322388,
    "pubmed_gcn_4_36": 2.5276095518055555,
    "pubmed_gcn_24_365": 2.5120261262,
    "pubmed_gcn_11_158": 2.511080602166667,
    "pubmed_gcn_24_354": 2.49266481,
    "pubmed_gcn_19_275": 2.478958366,
    "pubmed_gcn_15_213": 2.4736969455,
    "pubmed_gcn_14_205": 2.4489405448571424,
    "pubmed_gcn_7_87": 2.44696275825,
    "pubmed_gcn_12_162": 2.44108925775,
    "pubmed_gcn_10_135": 2.3962698975,
    "pubmed_gcn_31_471": 2.386652256666667,
    "pubmed_gcn_23_344": 2.3712953337499996,
    "pubmed_gcn_17_240": 2.357613228,
    "pubmed_gcn_10_129": 2.354641771,
    "pubmed_gcn_26_393": 2.3507779803749997,
    "pubmed_gcn_11_154": 2.337336041931034,
    "pubmed_gcn_14_199": 2.311717853625,
    "pubmed_gcn_9_121": 2.27990534875,
    "pubmed_gcn_3_18": 2.2566745041574077,
    "pubmed_gcn_4_45": 2.2372412721515156,
    "pubmed_gcn_7_82": 2.2330502792606057,
    "pubmed_gcn_14_202": 2.213225322528571,
    "pubmed_gcn_29_440": 2.209079226666667,
    "pubmed_gcn_11_152": 2.19557958545,
    "pubmed_gcn_24_359": 2.17597723,
    "pubmed_gcn_19_272": 2.172056151,
    "pubmed_gcn_10_128": 2.1674375682,
    "pubmed_gcn_4_37": 2.163979562802778,
    "pubmed_gcn_3_25": 2.1505964159025,
    "pubmed_gcn_31_468": 2.1281226704363636,
    "pubmed_gcn_22_328": 2.1151350425,
    "pubmed_gcn_30_449": 2.0872479055,
    "pubmed_gcn_3_20": 2.0794653589794874,
    "pubmed_gcn_23_347": 2.07386947,
    "pubmed_gcn_20_302": 2.07197601,
    "pubmed_gcn_20_292": 2.056658924,
    "pubmed_gcn_3_21": 2.0561071598516674,
    "pubmed_gcn_12_170": 2.04712982475,
    "pubmed_gcn_27_411": 2.0340929475,
    "pubmed_gcn_7_81": 2.0287510324999998,
    "pubmed_gcn_8_100": 2.02487291976,
    "pubmed_gcn_2_0": 2.0155975857025643,
    "pubmed_gcn_15_220": 2.0087255666666666,
    "pubmed_gcn_19_286": 1.9999519362500002,
    "pubmed_gcn_10_130": 1.9979570730666667,
    "pubmed_gcn_4_38": 1.9938016234878047,
    "pubmed_gcn_2_9": 1.9928189105093745,
    "pubmed_gcn_20_293": 1.9733229066666667,
    "pubmed_gcn_13_181": 1.96998679775,
    "pubmed_gcn_4_32": 1.961598563921053,
    "pubmed_gcn_18_262": 1.9545660725100003,
    "pubmed_gcn_16_236": 1.9532939306000003,
    "pubmed_gcn_6_70": 1.9353365663999997,
    "pubmed_gcn_6_65": 1.93157301825,
    "pubmed_gcn_12_175": 1.9309050307499998,
    "pubmed_gcn_19_284": 1.9266546256,
    "pubmed_gcn_7_88": 1.9066533958615384,
    "pubmed_gcn_3_26": 1.8992980742258059,
    "pubmed_gcn_17_253": 1.894245513125,
    "pubmed_gcn_22_324": 1.894212719181818,
    "pubmed_gcn_17_246": 1.864313187583333,
    "pubmed_gcn_6_68": 1.8577688617181811,
    "pubmed_gcn_16_239": 1.8546967320000003,
    "pubmed_gcn_14_194": 1.8482744638333333,
    "pubmed_gcn_30_452": 1.8226147875,
    "pubmed_gcn_15_210": 1.821610938375,
    "pubmed_gcn_24_362": 1.8206766702500001,
    "pubmed_gcn_14_198": 1.7904776732222227,
    "pubmed_gcn_20_294": 1.7755779027499998,
    "pubmed_gcn_8_96": 1.7727216506111114,
    "pubmed_gcn_2_7": 1.7681689827675675,
    "pubmed_gcn_4_41": 1.7671470912500002,
    "pubmed_gcn_25_378": 1.7660169747499999,
    "pubmed_gcn_12_174": 1.7583341789090914,
    "pubmed_gcn_6_69": 1.7433850208666666,
    "pubmed_gcn_16_229": 1.7390430124999998,
    "pubmed_gcn_16_225": 1.7368406646666665,
    "pubmed_gcn_9_120": 1.735140670818182,
    "pubmed_gcn_5_49": 1.7309555888928578,
    "pubmed_gcn_22_323": 1.72616553,
    "pubmed_gcn_23_343": 1.6995989418571429,
    "pubmed_gcn_4_42": 1.6923777332999999,
    "pubmed_gcn_4_44": 1.6871171296166665,
    "pubmed_gcn_21_317": 1.6836757475,
    "pubmed_gcn_21_313": 1.6817510265,
    "pubmed_gcn_10_140": 1.6767910430000001,
    "pubmed_gcn_7_95": 1.6731036929999996,
    "pubmed_gcn_2_10": 1.6704665912090912,
    "pubmed_gcn_14_195": 1.66541219,
    "pubmed_gcn_8_108": 1.6491721955999998,
    "pubmed_gcn_6_72": 1.64165646225,
    "pubmed_gcn_22_321": 1.6216269735,
    "pubmed_gcn_18_257": 1.6206178785555556,
    "pubmed_gcn_2_12": 1.617743781106586,
    "pubmed_gcn_9_118": 1.6138484466666665,
    "pubmed_gcn_11_156": 1.609086222931579,
    "pubmed_gcn_9_127": 1.5949399775,
    "pubmed_gcn_12_161": 1.5887911506666665,
    "pubmed_gcn_7_83": 1.5783658281666666,
    "pubmed_gcn_28_418": 1.5764036916666664,
    "pubmed_gcn_17_241": 1.5743674988666665,
    "pubmed_gcn_7_80": 1.57121658596875,
    "pubmed_gcn_8_105": 1.561411163,
    "pubmed_gcn_5_56": 1.5593873250361112,
    "pubmed_gcn_26_389": 1.55785513,
    "pubmed_gcn_30_451": 1.5541302746666668,
    "pubmed_gcn_8_98": 1.5513835986294116,
    "pubmed_gcn_11_145": 1.54867941775,
    "pubmed_gcn_12_165": 1.5472591505,
    "pubmed_gcn_22_333": 1.5410678536666669,
    "pubmed_gcn_3_29": 1.5356421826666666,
    "pubmed_gcn_27_415": 1.5349586350000002,
    "pubmed_gcn_15_221": 1.5266053965000002,
    "pubmed_gcn_4_46": 1.5174043119365381,
    "pubmed_gcn_11_159": 1.515174805,
    "pubmed_gcn_6_64": 1.5117177400875,
    "pubmed_gcn_24_357": 1.51072979,
    "pubmed_gcn_28_429": 1.5093095496666666,
    "pubmed_gcn_3_27": 1.5037751750875,
    "pubmed_gcn_2_11": 1.5031372405526313,
    "pubmed_gcn_16_226": 1.499633552,
    "pubmed_gcn_21_314": 1.4985719614250002,
    "pubmed_gcn_18_267": 1.4801111515,
    "pubmed_gcn_3_24": 1.4763300300499997,
    "pubmed_gcn_13_186": 1.474370978375,
    "pubmed_gcn_17_248": 1.4719562816666663,
    "pubmed_gcn_28_428": 1.4704998150000002,
    "pubmed_gcn_22_329": 1.4670340135,
    "pubmed_gcn_13_177": 1.465962353163158,
    "pubmed_gcn_15_219": 1.464235862,
    "pubmed_gcn_18_270": 1.46308327,
    "pubmed_gcn_3_31": 1.4610716987541663,